Workbook

Sheet Nasıl Doldurulur
A1: HK Kontrol · Veri Toplama Dosyası (v2 · 19.10.2026)
A2: Uygulamaya yüklenecek temel verileri toplar. Personel adları burada yok; admin panelinden eklenir.
A4: Renkler
A5: Mavi yazı: girdiğin veri (değiştirebilirsin). Siyah yazı: formül, dokunma. Sarı hücre: eksik bilgi, doldurulması gerekiyor.
A7: Sayfalar
A8: 1. Oteller: Her tesis bir satır. Bölge İstanbul veya İzmir (süpervizör yetkisi buna göre). Tiny Houses ayrı birim olarak tanımlı.
A9: 2. Oda Tipleri: Her tip bir satır. Kod tüm tesislerde benzersiz. Temizlik süreleri: min (şüpheli kısa) ve max (süre aşımı) dakika; max takibi "Max Süre Aktif = Evet" olan tiplerde çalışır.
A10: 3. Oda Özellikleri: Özellik × oda tipi tablosu (Özellikler.xlsx dosyasından). Evet / boş.
A11: 4. Odalar: Her oda bir satır. Oda tipi kodu açılır listeden.
A12: 5. Kontrol Adımları: Her oda tipi için çekim sırası. Şu an sadece X3 dolu (17 adım); diğer tipler video/foto gelince eklenecek.
A13: 6. Kalem Kataloğu: TESİS BAZINDA tüm demirbaş, mutfak malzemesi, sarf, içecek ve ikram kalemleri. Her kalemin kodu, adı ve fotoğrafı burada. Personel uygulamada kaleme basınca bu fotoğrafı görür.
A14: 7. Envanter - Demirbaş: Oda tipi + kalem + adet (mobilya, tekstil, cihaz, banyo sarfı). Kalem adı ve türü katalogdan formülle gelir.
... A23: Kaynaklar: X3 = 18.10.2026 videosu. Tare Houses X1/X2/X4 = Drive'daki Temmuz 2024 profesyonel çekim fotoğrafları (eski olabilir). Özellikler = Özellikler.xlsx.

Sheet Oteller
A1: Otel Adı | B1: Şehir | C1: Bölge (yetki) | D1: Semt / Adres | E1: Kat Sayısı | F1: Oda Sayısı (otomatik) | G1: PMS'teki Adı (HotelRunner) | H1: Kilit | I1: Not
A2: Tare Houses Hotel | B2: İstanbul | C2: İstanbul | D2: Beşiktaş · Vişnezade Mah., Şair Nedim Cad., Çatlak Çeşme Sok. No:2 | E2: 5 | F2: =COUNTIF(Odalar!A:A,A2) | G2: Tare Houses Hotel | H2: TTLock | I2: Pilot otel.
A3: Tare Suites Beşiktaş | B3: İstanbul | C3: İstanbul | D3: Beşiktaş · Sinanpaşa Mah., Aşık Garip Sok. No:6 | E3: 3 | F3: =COUNTIF(Odalar!A:A,A3) | G3: Tare Suites Beşiktaş | H3: TTLock
A4: Tare Suites Urla | B4: İzmir | C4: İzmir | D4: Urla | E4: 3 | F4: =COUNTIF(Odalar!A:A,A4) | G4: Tare Suites Urla | H4: TTLock | I4: B&B (kahvaltılı) satış sadece burada.
A5: Tare Village Urla | B5: İzmir | C5: İzmir | D5: Urla | E5: 3 | F5: =COUNTIF(Odalar!A:A,A5) | G5: Tare Village Urla | H5: Key-box | I5: PMS'te ayrı otel.
A6: Tiny Houses | B6: İzmir | C6: İzmir | D6: Urla | E6: 1 | F6: =COUNTIF(Odalar!A:A,A6) | G6: Tare Suites Urla | H6: Key-box | I6: Ayrı birim olarak takip edilir. PMS'te Tare Suites Urla altında; uygulamada kendi oteli gibi.

Sheet Oda Tipleri
A1: Oda Tipi Kodu | B1: Oda Tipi Adı | C1: Otel | D1: PMS Kodu | E1: Yaklaşık m² | F1: Yatak Tipi | G1: Maks. Kişi | H1: Mutfak Var mı | I1: Banyo (Duş/Küvet) | J1: Dış Alan | K1: Min. Süre Çıkış (dk) | L1: Min. Süre Konaklama (dk) | M1: Max. Süre Çıkış (dk) | N1: Max. Süre Konaklama (dk) | O1: Max Süre Aktif | P1: Oda Sayısı (otomatik) | Q1: Not
A2: X1 | B2: Deluxe Suite | C2: Tare Houses Hotel | D2: X1 | E2: 35 | F2: King size | G2: 2 | H2: Evet | I2: Duş | J2: Yok | O2: Hayır | P2: =COUNTIF(Odalar!D:D,A2) | Q2: Odalar 101-201-301-401. İsim/m² Özellikler.xlsx sütun sırasından eşlendi (X1→Deluxe Suite); teyit et.
A3: X2 | B3: Deluxe Triple Room | C3: Tare Houses Hotel | D3: X2 | E3: 32 | F3: King size | G3: 2 | H3: Evet | I3: Duş | J3: Yok | O3: Hayır | P3: =COUNTIF(Odalar!D:D,A3) | Q3: Odalar 102-202-302-402. Özellikler.xlsx sırasıyla Deluxe Triple Room; teyit et.
A4: X3 | B4: Deluxe Double Room | C4: Tare Houses Hotel | D4: X3 | E4: 28 | F4: King size | G4: 2 | H4: Evet | I4: Duş | J4: Yok | K4: 25 | L4: 10 | O4: Hayır | P4: =COUNTIF(Odalar!D:D,A4) | Q4: Odalar 103-203-303-403. Mini buzdolabı, 2 göz ocak, evye. Kontrol adımları ve envanter dolu (18.10.2026 videosu).
A5: X4 | B5: Exclusive Suite | C5: Tare Houses Hotel | D5: X4 | E5: 37 | F5: King size | G5: 2 | H5: Evet | I5: Duş | J5: Yok | O5: Hayır | P5: =COUNTIF(Odalar!D:D,A5) | Q5: Odalar 104-204-304-404. Özellikler.xlsx sırasıyla Exclusive Suite; teyit et.
A6: PH | B6: PentHouse Suite | C6: Tare Houses Hotel | D6: PH | E6: 140 | F6: King size | G6: 2 | H6: Evet | I6: Duş+Küvet | J6: Teras | O6: Hayır | P6: =COUNTIF(Odalar!D:D,A6) | Q6: Oda 501. Teras + barbekü, küvet, bornoz, fırın, mikrodalga, kahve makinesi, bulaşık makinesi.
A7: BGS | B7: Garden Suite | C7: Tare Suites Beşiktaş | D7: GS | E7: 50 | F7: King size + Sofa yatak | G7: 4 | H7: Evet | I7: Duş | J7: Balkon, Bahçe | O7: Hayır | P7: =COUNTIF(Odalar!D:D,A7) | Q7: Oda 101. Bahçe + balkon, sofa yatak, kanepe.
A8: BSAB | B8: Studio Apartment with Balcony | C8: Tare Suites Beşiktaş | D8: SAB | E8: 28 | F8: King size | G8: 2 | H8: Evet | I8: Duş | J8: Balkon | O8: Hayır | P8: =COUNTIF(Odalar!D:D,A8) | Q8: Odalar 201, 301. Balkon.
A9: BSA | B9: Studio Apartment | C9: Tare Suites Beşiktaş | D9: SA | E9: 25 | F9: King size | G9: 2 | H9: Evet | I9: Duş | J9: Yok | O9: Hayır | P9: =COUNTIF(Odalar!D:D,A9) | Q9: Odalar 202, 302. Mikrodalga ve çamaşır makinesi var.
A10: EDR | B10: Economy Double Room | C10: Tare Suites Urla | D10: EDR | E10: 14 | F10: Çift kişilik | G10: 2 | H10: Hayır | I10: Duş | J10: Yok | O10: Hayır | P10: =COUNTIF(Odalar!D:D,A10) | Q10: Odalar 101, 102, 202. Mutfak yok, kasa var.
A11: DSSW | B11: Deluxe Suite Sea View | C11: Tare Suites Urla | D11: DSSW | E11: 25 | F11: Çift kişilik | G11: 2 | H11: Hayır | I11: Duş | J11: Yok | O11: Hayır | P11: =COUNTIF(Odalar!D:D,A11) | Q11: Odalar 201, 301. Deniz manzarası, mutfak yok, kasa var.
A12: EXSB | B12: Exclusive Suite with Balcony | C12: Tare Suites Urla | D12: EXSB | E12: 24 | F12: Çift kişilik | G12: 2 | H12: Hayır | I12: Duş | J12: Balkon | O12: Hayır | P12: =COUNTIF(Odalar!D:D,A12) | Q12: Odalar 203, 302. Balkon + deniz manzarası, mutfak yok, kasa var.
A13: DS | B13: Deluxe Suite | C13: Tare Suites Urla | D13: DS | E13: 20 | F13: Çift kişilik | G13: 2 | H13: Hayır | I13: Duş | J13: Yok | O13: Hayır | P13: =COUNTIF(Odalar!D:D,A13) | Q13: Odalar 204, 304. Mutfak yok, kasa var.
A14: DFS | B14: Duplex Family Suite | C14: Tare Suites Urla | D14: DFS | E14: 25 | F14: Çift kişilik | G14: 4 | H14: Hayır | I14: Duş | J14: Yok | O14: Hayır | P14: =COUNTIF(Odalar!D:D,A14) | Q14: Oda 303. Dubleks, mutfak yok, kasa var.
A15: VGS | B15: Garden Suite | C15: Tare Village Urla | D15: GS | E15: 100 | F15: King size + Sofa yatak | G15: 4 | H15: Evet | I15: Duş | J15: Yok | O15: Hayır | P15: =COUNTIF(Odalar!D:D,A15) | Q15: Oda 101 (eski V1). Özellikler.xlsx'te Village tipleri yok.
A16: VBS | B16: Balcony Suite | C16: Tare Village Urla | D16: BS | E16: 40 | F16: King size + Sofa yatak | G16: 4 | H16: Evet | I16: Duş | J16: Balkon | O16: Hayır | P16: =COUNTIF(Odalar!D:D,A16) | Q16: Oda 201 (eski V2). Özellikler.xlsx'te Village tipleri yok.
... A19: TNY | B19: Tiny House | C19: Tiny Houses | D19: Tiny House | E19: 25 | F19: Çift kişilik | G19: 4 | H19: Evet | I19: Duş | J19: Balkon, Teras, Bahçe | O19: Hayır | P19: =COUNTIF(Odalar!D:D,A19) | Q19: T1–T4, tek tip. PMS'te Tare Suites Urla altında; burada ayrı birim. Ocak yok, buzdolabı + kettle var. Engelli erişimi, evcil hayvan dostu, barbekü.
A21: Max Süre Aktif = Evet ise, temizlik bu süreyi aşınca canlı panoda kırmızıya döner ve raporda "süre aşımı" olarak işaretlenir. Hayır ise sadece min. süre (şüpheli kısa) kontrolü çalışır.

Sheet Oda Özellikleri
A1: Kategori | B1: Özellik | C1: X1 | D1: X2 | E1: X3 | F1: X4 | G1: PH | H1: BGS | I1: BSAB | J1: BSA | K1: EDR | L1: DSSW | M1: EXSB | N1: DS | O1: DFS | P1: VGS | Q1: VBS | R1: VSS | S1: VTS | T1: TNY
A2: Genel | B2: Balkon | H2: Evet | I2: Evet | M2: Evet | T2: Evet
A3: Genel | B3: Teras | G3: Evet | T3: Evet
A4: Genel | B4: Bahçe | H4: Evet | T4: Evet
A5: Genel | B5: Oturma Alanı | C5: Evet | D5: Evet | F5: Evet | G5: Evet | H5: Evet | I5: Evet | J5: Evet | L5: Evet | M5: Evet | N5: Evet | O5: Evet | T5: Evet
A6: Genel | B6: Çalışma Masası | C6: Evet | D6: Evet | F6: Evet | G6: Evet | H6: Evet | I6: Evet | J6: Evet | L6: Evet | M6: Evet | N6: Evet | O6: Evet | T6: Evet
A7: Genel | B7: Gardırop | C7: Evet | D7: Evet | E7: Evet | F7: Evet | G7: Evet | H7: Evet | I7: Evet | J7: Evet | K7: Evet | L7: Evet | M7: Evet | N7: Evet | O7: Evet | T7: Evet
A8: Genel | B8: Kanepe | C8: Evet | D8: Evet | H8: Evet
A9: Genel | B9: Klima | C9: Evet | D9: Evet | E9: Evet | F9: Evet | G9: Evet | H9: Evet | I9: Evet | J9: Evet | K9: Evet | L9: Evet | M9: Evet | N9: Evet | O9: Evet | T9: Evet
A10: Genel | B10: Ses Yalıtımı | C10: Evet | D10: Evet | E10: Evet | F10: Evet | G10: Evet | H10: Evet | I10: Evet | J10: Evet | K10: Evet | L10: Evet | M10: Evet | N10: Evet | O10: Evet | T10: Evet
A11: Genel | B11: Barbekü | G11: Evet | T11: Evet
A12: Genel | B12: Engelli Erişimi | T12: Evet
A13: Genel | B13: Sigara İçilebilir(Balkon) | H13: Evet | I13: Evet | M13: Evet | T13: Evet
A14: Genel | B14: Deniz Manzarası | L14: Evet | M14: Evet
A15: Genel | B15: Doğa Manzarası | N15: Evet | O15: Evet | T15: Evet
A16: Genel | B16: Şehir Manzarası | C16: Evet | D16: Evet | E16: Evet | F16: Evet | G16: Evet | H16: Evet | I16: Evet | J16: Evet
A17: Genel | B17: Evcil Hayvan Dostu | T17: Evet
A18: Yatak Tipleri | B18: Tek Kişilik Yatak
A19: Yatak Tipleri | B19: Çift Kişilik Yatak | K19: Evet | L19: Evet | M19: Evet | N19: Evet | O19: Evet | T19: Evet
A20: Yatak Tipleri | B20: King Size Yatak | C20: Evet | D20: Evet | E20: Evet | F20: Evet | G20: Evet | H20: Evet | I20: Evet | J20: Evet
A21: Yatak Tipleri | B21: Sofa Yatak | H21: Evet
A22: Banyo | B22: Özel Banyo | C22: Evet | D22: Evet | E22: Evet | F22: Evet | G22: Evet | H22: Evet | I22: Evet | J22: Evet | K22: Evet | L22: Evet | M22: Evet | N22: Evet | O22: Evet | T22: Evet
A23: Banyo | B23: Duş | C23: Evet | D23: Evet | E23: Evet | F23: Evet | G23: Evet | H23: Evet | I23: Evet | J23: Evet | K23: Evet | L23: Evet | M23: Evet | N23: Evet | O23: Evet | T23: Evet
A24: Banyo | B24: Küvet | G24: Evet
A25: Banyo | B25: Havlu | C25: Evet | D25: Evet | E25: Evet | F25: Evet | G25: Evet | H25: Evet | I25: Evet | J25: Evet | K25: Evet | L25: Evet | M25: Evet | N25: Evet | O25: Evet | T25: Evet
A26: Banyo | B26: Terlik | C26: Evet | D26: Evet | E26: Evet | F26: Evet | G26: Evet | H26: Evet | I26: Evet | J26: Evet | K26: Evet | L26: Evet | M26: Evet | N26: Evet | O26: Evet | T26: Evet
A27: Banyo | B27: Bornoz | G27: Evet
A28: Banyo | B28: Saç Kurutma Makinesi | C28: Evet | D28: Evet | E28: Evet | F28: Evet | G28: Evet | H28: Evet | I28: Evet | J28: Evet | K28: Evet | L28: Evet | M28: Evet | N28: Evet | O28: Evet | T28: Evet
A29: Banyo | B29: Şampuan/Duş Jeli | C29: Evet | D29: Evet | E29: Evet | F29: Evet | G29: Evet | H29: Evet | I29: Evet | J29: Evet | K29: Evet | L29: Evet | M29: Evet | N29: Evet | O29: Evet | T29: Evet
A30: Mutfak | B30: Mutfak | C30: Evet | D30: Evet | E30: Evet | F30: Evet | G30: Evet | H30: Evet | I30: Evet | J30: Evet | T30: Evet
A31: Mutfak | B31: Buzdolabı | C31: Evet | D31: Evet | E31: Evet | F31: Evet | G31: Evet | H31: Evet | I31: Evet | J31: Evet | T31: Evet
A32: Mutfak | B32: Ocak | C32: Evet | D32: Evet | E32: Evet | F32: Evet | G32: Evet | H32: Evet | I32: Evet | J32: Evet
A33: Mutfak | B33: Fırın | G33: Evet
A34: Mutfak | B34: Mikrodalga | G34: Evet | J34: Evet
A35: Mutfak | B35: Su Isıtıcısı | C35: Evet | D35: Evet | E35: Evet | F35: Evet | G35: Evet | H35: Evet | I35: Evet | J35: Evet | K35: Evet | L35: Evet | M35: Evet | N35: Evet | O35: Evet | T35: Evet
A36: Mutfak | B36: Kahve Makinesi | G36: Evet
A37: Mutfak | B37: Temel Mutfak Gereçleri | C37: Evet | D37: Evet | E37: Evet | F37: Evet | G37: Evet | H37: Evet | I37: Evet | J37: Evet | T37: Evet
A38: Mutfak | B38: Tencere&Tava | C38: Evet | D38: Evet | E38: Evet | F38: Evet | G38: Evet | H38: Evet | I38: Evet | J38: Evet | T38: Evet
A39: Mutfak | B39: Bulaşık Makinesi | G39: Evet
A40: Mutfak | B40: Çamaşır Makinesi | J40: Evet
A41: Elektronik&Medya | B41: LED TV | C41: Evet | D41: Evet | E41: Evet | F41: Evet | G41: Evet | H41: Evet | I41: Evet | J41: Evet | K41: Evet | L41: Evet | M41: Evet | N41: Evet | O41: Evet | T41: Evet
A42: Elektronik&Medya | B42: Uydu Yayını | T42: Evet
A43: Elektronik&Medya | B43: Smart TV | C43: Evet | D43: Evet | E43: Evet | F43: Evet | G43: Evet | H43: Evet | I43: Evet | J43: Evet | K43: Evet | L43: Evet | M43: Evet | N43: Evet | O43: Evet
A44: Elektronik&Medya | B44: Netflix | C44: Evet | D44: Evet | E44: Evet | F44: Evet | G44: Evet | H44: Evet | I44: Evet | J44: Evet | K44: Evet | L44: Evet | M44: Evet | N44: Evet | O44: Evet
A45: Güvenlik | B45: Kasa | K45: Evet | L45: Evet | M45: Evet | N45: Evet | O45: Evet
A46: Güvenlik | B46: Duman Dedektörü | C46: Evet | D46: Evet | E46: Evet | F46: Evet | G46: Evet | H46: Evet | I46: Evet | J46: Evet | K46: Evet | L46: Evet | M46: Evet | N46: Evet | O46: Evet | T46: Evet
A47: Güvenlik | B47: Şifreli Giriş | C47: Evet | D47: Evet | E47: Evet | F47: Evet | G47: Evet | H47: Evet | I47: Evet | J47: Evet | K47: Evet | L47: Evet | M47: Evet | N47: Evet | O47: Evet | T47: Evet
A49: Kaynak: Özellikler.xlsx. Village tipleri (VGS, VBS, VSS, VTS) dosyada yoktu, sarı. 'Otel Özellikleri' sayfası dosyada boştu, aktarılmadı.

Sheet Odalar
A1: Otel | B1: Oda No | C1: Kat | D1: Oda Tipi Kodu | E1: Aktif | F1: Not
A2: Tare Houses Hotel | B2: 101 | C2: 1 | D2: X1 | E2: Evet
A3: Tare Houses Hotel | B3: 102 | C3: 1 | D3: X2 | E3: Evet
A4: Tare Houses Hotel | B4: 103 | C4: 1 | D4: X3 | E4: Evet
A5: Tare Houses Hotel | B5: 104 | C5: 1 | D5: X4 | E5: Evet
A6: Tare Houses Hotel | B6: 201 | C6: 2 | D6: X1 | E6: Evet
A7: Tare Houses Hotel | B7: 202 | C7: 2 | D7: X2 | E7: Evet
A8: Tare Houses Hotel | B8: 203 | C8: 2 | D8: X3 | E8: Evet
A9: Tare Houses Hotel | B9: 204 | C9: 2 | D9: X4 | E9: Evet
A10: Tare Houses Hotel | B10: 301 | C10: 3 | D10: X1 | E10: Evet
A11: Tare Houses Hotel | B11: 302 | C11: 3 | D11: X2 | E11: Evet
A12: Tare Houses Hotel | B12: 303 | C12: 3 | D12: X3 | E12: Evet
A13: Tare Houses Hotel | B13: 304 | C13: 3 | D13: X4 | E13: Evet
... A33: Tare Suites Urla | B33: 304 | C33: 3 | D33: DS | E33: Evet
A34: Tare Village Urla | B34: 101 | C34: 1 | D34: VGS | E34: Evet | F34: Eski kod V1
A35: Tare Village Urla | B35: 201 | C35: 2 | D35: VBS | E35: Evet | F35: Eski kod V2
A36: Tare Village Urla | B36: 202 | C36: 2 | D36: VSS | E36: Evet | F36: Eski kod V3
A37: Tare Village Urla | B37: 301 | C37: 3 | D37: VTS | E37: Evet | F37: Eski kod V4
A38: Tiny Houses | B38: T1 | C38: 1 | D38: TNY | E38: Evet
A39: Tiny Houses | B39: T2 | C39: 1 | D39: TNY | E39: Evet
A40: Tiny Houses | B40: T3 | C40: 1 | D40: TNY | E40: Evet
A41: Tiny Houses | B41: T4 | C41: 1 | D41: TNY | E41: Evet

Sheet Kontrol Adımları
A1: Oda Tipi Kodu | B1: Sıra | C1: Bölge | D1: Adım Adı | E1: Çekim Talimatı | F1: Kontrol Maddeleri (her satır bir madde) | G1: Çıkışta | H1: Konaklamada | I1: Fener Gerekli | J1: Zorunlu | K1: Kare Sayısı | L1: AI Talimatı
A2: X3 | B2: 1 | C2: Giriş | D2: Giriş ve koridor | E2: Kapıdan girip koridoru ve kemeri tek karede çek. Aplikler açık olsun. | F2: Kapı ve şifreli kilit (TTLock) çalışıyor, pil uyarısı yok Süpürgelik ve duvar dipleri tozsuz Koridor aplikleri yanıyor Zeminde leke, saç, kum yok | G2: Evet | H2: Evet | I2: Hayır | J2: Evet
A3: X3 | B3: 2 | C3: Banyo | D3: Lavabo ve tezgah | E3: Lavabo, batarya, ayna ve tezgah altı rafı aynı karede olacak şekilde çek. | F3: Lavabo içi ve gider temiz Batarya parlak, su lekesi yok Sıvı sabun dolu Ayna lekesiz, ışığı yanıyor Raftaki havlular katlı ve tam El havlusu halkada | G3: Evet | H3: Evet | I3: Hayır | J3: Evet
A4: X3 | B4: 3 | C4: Banyo | D4: WC | E4: Klozet kapağı açık, tuvalet kağıdı ve yedek rulo görünecek şekilde çek. | F4: Klozet içi, kapak altı ve dış yüzey temiz Rezervuar paneli parmak izsiz WC fırçası temiz Tuvalet kağıdı takılı + yedek rulo Çöp kovası boş, poşet yeni | G4: Evet | H4: Evet | I4: Hayır | J4: Evet
A5: X3 | B5: 4 | C5: Banyo | D5: Duş | E5: Cam kapıyı ışığa karşı çek (kireç böyle görünür), sonra dispenserleri ve gideri göster. | F5: Cam kapıda kireç ve su lekesi yok Duş seti askıda 3 dispenser dolu Duş sepeti boş Giderde saç yok | G5: Evet | H5: Evet | I5: Hayır | J5: Evet
A6: X3 | B6: 5 | C6: Oda | D6: Gardırop | E6: İki kapağı da aç, askıları ve üst rafı tek karede çek. | F6: Askı sayısı tam Üst rafta yedek battaniye katlı Tabanda unutulmuş eşya yok Alttaki kutu yerinde | G6: Evet | H6: Hayır | I6: Evet | J6: Evet
A7: X3 | B7: 6 | C7: Mutfak | D7: Mutfak tezgahı | E7: Ocak, evye, kettle ve bulaşıklık tek karede olacak şekilde tezgahın karşısından çek. | F7: Ocak camı temiz Evye ve batarya temiz Fırça + sünger temiz Bulaşıklık boş ve kuru Kettle boş, kablosu toplanmış Yağ ve tuz-biber-kürdan dolu Asma çöp kovası boş | G7: Evet | H7: Evet | I7: Hayır | J7: Evet
A8: X3 | B8: 7 | C8: Mutfak | D8: Çekmece 1: çatal-bıçak | E8: Çekmeceyi tamamen aç, feneri aç, tam üstten çek. Çatal-bıçaklar üst üste binmesin. | F8: Çatal, kaşık, bıçak, çay kaşığı tam Şarap açacağı yerinde Setten olmayan parça yok Kaşıklık altı kırıntısız | G8: Evet | H8: Hayır | I8: Evet | J8: Evet
A9: X3 | B9: 8 | C9: Mutfak | D9: Çekmece 2: servis gereçleri | E9: Çekmeceyi tamamen aç, feneri aç, üstten çek. | F9: 4 silikon servis gereci Çekmece içi kırıntısız | G9: Evet | H9: Hayır | I9: Evet | J9: Evet
A10: X3 | B10: 9 | C10: Mutfak | D10: Çekmece 3: bıçak seti | E10: Çekmeceyi tamamen aç, bıçak seti ve kesme tahtası görünsün. | F10: Bıçak seti tam Kesme tahtası temiz | G10: Evet | H10: Hayır | I10: Evet | J10: Evet
A11: X3 | B11: 10 | C11: Mutfak | D11: Üst dolap: bardak ve kupa | E11: Kapağı aç, feneri aç. Bardakları üst üste değil yan yana dizip önden çek. | F11: Kadeh, bardak, kupa sayısı tam Bardaklarda su lekesi yok Kupalarda çay/kahve izi yok | G11: Evet | H11: Hayır | I11: Evet | J11: Evet
A12: X3 | B12: 11 | C12: Mutfak | D12: Evye altı: tencere-tava | E12: Kapağı aç, feneri aç, iki rafı da görecek şekilde çek. | F12: Tava ve tencereler kapaklarıyla tam Tava içi temiz Nihale yerinde Sifonda sızıntı yok | G12: Evet | H12: Hayır | I12: Evet | J12: Evet
A13: X3 | B13: 12 | C13: Mutfak | D13: TV ünitesi alt dolap: tabaklar | E13: İki kapağı da aç. Tabak yığınlarını önden/yandan çek ki tek tek sayılabilsin. | F13: 4'lü tabak ve kase setleri tam Kağıt havlu standı ve rulo var Tabaklarda iz veya çatlak yok | G13: Evet | H13: Hayır | I13: Evet | J13: Evet
... A18: X3 | B18: 17 | C18: Oda | D18: Genel oda | E18: Kapı tarafından tüm odayı tek geniş karede çek. Tüm ışıklar açık. | F18: Klima çalışıyor Oda çöp kovası boş Zemin temiz Duvarda iz/sıyrık yok Tüm aydınlatma yanıyor | G18: Evet | H18: Evet | I18: Hayır | J18: Evet
A19: X1 | B19: 1 | C19: Giriş | D19: Giriş ve kapı | E19: Kapıdan girip girişi ve koridoru tek karede çek. Tüm ışıklar açık olsun. | F19: Kapı ve şifreli kilit çalışıyor Süpürgelik ve duvar dipleri tozsuz Aplikler yanıyor Zeminde leke, saç, kum yok | G19: Evet | H19: Evet | I19: Hayır | K19: 1 | L19: Zeminde görünür kir, saç, çöp var mı? Yanmayan lamba var mı? Konaklama kontrolündeysen misafir eşyalarını değerlendirme.
A20: X1 | B20: 2 | C20: Banyo | D20: Lavabo ve ayna | E20: Lavabo, batarya, ayna ve havlu rafı aynı karede olacak şekilde çek. | F20: Lavabo içi ve gider temiz Batarya parlak, su lekesi yok Sıvı sabun dolu Ayna lekesiz Havlular katlı ve tam | G20: Evet | H20: Evet | I20: Hayır | K20: 1 | L20: Lavaboda kıl, sabun kalıntısı, su lekesi var mı? Aynada leke var mı? Havlular düzgün katlı mı? Konaklama kontrolündeysen misafir eşyalarını değerlendirme.
A21: X1 | B21: 3 | C21: Banyo | D21: WC | E21: Klozet kapağı açık, tuvalet kağıdı ve yedek rulo görünecek şekilde çek. | F21: Klozet içi, kapak altı ve dış yüzey temiz WC fırçası temiz Tuvalet kağıdı takılı + yedek rulo Çöp kovası boş, poşet yeni | G21: Evet | H21: Evet | I21: Hayır | K21: 1 | L21: Klozet içinde veya kapakta leke/kir var mı? Tuvalet kağıdı ve yedek rulo var mı? Çöp kovası boş mu?
A22: X1 | B22: 4 | C22: Banyo | D22: Duş | E22: Duş camını ışığa karşı çek (kireç böyle görünür); dispenserler ve gider görünsün. | F22: Camda kireç ve su lekesi yok Duş seti askıda Şampuan/duş jeli dolu Giderde saç yok | G22: Evet | H22: Evet | I22: Hayır | K22: 1 | L22: Duş camında kireç/su lekesi, giderde saç, zeminde kir var mı? Konaklama kontrolündeysen misafir eşyalarını değerlendirme.
A23: X1 | B23: 5 | C23: Oda | D23: Gardırop | E23: Kapakları aç, askıları ve rafları tek karede çek. İçerisi karanlıksa feneri aç. | F23: Askılar tam Yedek battaniye/yastık katlı Unutulmuş eşya yok | G23: Evet | H23: Hayır | I23: Evet | K23: 1 | L23: Gardıropta unutulmuş eşya, çöp var mı? Askılar düzenli mi?
A24: X1 | B24: 6 | C24: Mutfak | D24: Mutfak tezgahı | E24: Tezgahın karşısından ocak, evye, kettle ve bulaşıklık tek karede olacak şekilde çek. | F24: Ocak temiz Evye ve batarya temiz Sünger ve fırça temiz Bulaşıklık boş ve kuru Kettle boş, kablosu toplanmış Tuz-biber-yağ dolu Çöp kovası boş | G24: Evet | H24: Evet | I24: Hayır | K24: 1 | L24: Tezgahta, ocakta, evyede kir, yağ, kırıntı veya bulaşık var mı? Çöp dolu mu? Konaklama kontrolündeysen misafir eşyalarını değerlendirme.
A25: X1 | B25: 7 | C25: Mutfak | D25: Çekmeceler | E25: Çekmeceleri sırayla aç, feneri aç ve her birini tam üstten çek. | F25: Çatal, kaşık, bıçak tam Servis gereçleri yerinde Çekmece içleri kırıntısız | G25: Evet | H25: Hayır | I25: Evet | K25: 2 | L25: Çekmece içinde kırıntı, kir, yerinden oynamış eşya var mı?
A26: X1 | B26: 8 | C26: Mutfak | D26: Dolaplar: tabak, bardak, tencere | E26: Üst ve alt dolapların kapaklarını aç, feneri aç; tabak, bardak ve tencereler görünsün. | F26: Tabak, kase, bardak, kupa sayısı tam Bardaklarda su lekesi, kupalarda çay/kahve izi yok Tencere ve tavalar temiz, kapaklı Evye altında sızıntı yok | G26: Evet | H26: Hayır | I26: Evet | K26: 2 | L26: Bardaklarda leke, tabaklarda iz/çatlak, tencerelerde yemek kalıntısı var mı?
A27: X1 | B27: 9 | C27: Mutfak | D27: Buzdolabı | E27: Kapağı tamamen aç; içi ve kapak rafları görünsün. | F27: Raflar temiz Unutulmuş yiyecek yok Koku ve buzlanma yok | G27: Evet | H27: Hayır | I27: Hayır | K27: 1 | L27: Buzdolabında yiyecek kalıntısı, leke, buzlanma var mı?
A28: X1 | B28: 10 | C28: Oda | D28: TV ve ünite | E28: TV ve ünite raflarını önden çek. | F28: TV ekranı tozsuz Ünite rafları tozsuz Kumandalar yerinde | G28: Evet | H28: Evet | I28: Hayır | K28: 1 | L28: TV ve raflarda toz, leke var mı? Konaklama kontrolündeysen misafir eşyalarını değerlendirme.
A29: X1 | B29: 11 | C29: Oda | D29: Oturma alanı ve masa | E29: Pencereye doğru geniş açıyla çek; masa, koltuklar ve kanepe görünsün. | F29: Perde ve tül düzgün Masa temiz Koltuk/kanepe temiz, minderler düzgün Sofa yatak toplanmış | G29: Evet | H29: Evet | I29: Hayır | K29: 1 | L29: Masada, koltuklarda kir, leke, unutulmuş eşya var mı? Konaklama kontrolündeysen misafir eşyalarını değerlendirme.
A30: X1 | B30: 12 | C30: Oda | D30: Yatak ve komodinler | E30: Yatağı ayak ucundan tamamı görünecek şekilde çek; ikinci karede yatak altını ve komodinleri çek. | F30: Çarşaf dört köşeden gergin Yastıklar tam, kılıflar lekesiz Yatak altında eşya/toz yok Komodinler boş ve tozsuz | G30: Evet | H30: Evet | I30: Hayır | K30: 2 | L30: Çarşafta kırışık, leke, saç var mı? Yastıklar düzgün mü? Yatak altında eşya/toz var mı? Konaklama kontrolündeysen misafir eşyalarını değerlendirme.
... A245: TNY | B245: 17 | C245: Oda | D245: Genel oda | E245: Kapı tarafından tüm odayı tek geniş karede çek. Tüm ışıklar açık. | F245: Klima çalışıyor Çöp kovaları boş Zemin temiz Duvarda iz yok Tüm aydınlatma yanıyor | G245: Evet | H245: Evet | I245: Hayır | K245: 1 | L245: Zeminde kir, çöp; yanmayan lamba; dağınıklık var mı? Konaklama kontrolündeysen misafir eşyalarını değerlendirme.

Sheet Kalem Kataloğu
A1: Tesis | B1: Kalem Kodu | C1: Kalem Adı | D1: Tür | E1: Tarif (ayırt edici) | F1: Foto Dosyası | G1: Foto Durumu | H1: Kaynak | I1: Not
A2: Tare Houses Hotel | B2: wardrobe_box | C2: Alt kutu (içeriği doğrulanacak) | D2: Demirbaş | G2: Çekilecek | H2: Video 18.10.2026
A3: Tare Houses Hotel | B3: cooktop | C3: Ankastre 2 gözlü cam seramik ocak, Beko | D3: Demirbaş | F3: item_photos/tare_houses/cooktop.jpg | G3: Var | H3: Drive foto 1J3XfhmuP6MEYpl_lG2kgdsk2Z8Rsfo7u
A4: Tare Houses Hotel | B4: wc | C4: Asma klozet, bej/kum mat renk | D4: Demirbaş | F4: item_photos/tare_houses/wc.jpg | G4: Var | H4: Drive foto 176Aiy4gXnqdkXqLiFXPG1py-NxVLLYce
A5: Tare Houses Hotel | B5: hanging_bin | C5: Asma çöp kovası | D5: Demirbaş | F5: item_photos/tare_houses/hanging_bin.jpg | G5: Var | H5: Video 18.10.2026
A6: Tare Houses Hotel | B6: bath_towel | C6: Banyo havlusu | D6: Demirbaş | G6: Çekilecek | H6: Video 18.10.2026
A7: Tare Houses Hotel | B7: bath_bin | C7: Banyo çöp kovası | D7: Demirbaş | F7: item_photos/tare_houses/pedal_bin.jpg | G7: Var | H7: Video 18.10.2026
A8: Tare Houses Hotel | B8: bedside_wall_lamp | C8: Başucu apliği, dikey oval opal | D8: Demirbaş | F8: item_photos/tare_houses/bedside_wall_lamp.jpg | G8: Var | H8: Drive foto 1qqZMbxPxzAY3tiWlJeU5zXJ4FJyKCBzS
A9: Tare Houses Hotel | B9: range_hood | C9: Davlumbaz/aspiratör (üst dolap altında) | D9: Demirbaş | G9: Çekilecek | H9: Drive foto 1FFkoBOtD_TWAwlnOYQPDiPXqnAMV2lbR
A10: Tare Houses Hotel | B10: decor_branches | C10: Dekoratif kuru dal, cam vazoda | D10: Demirbaş | F10: item_photos/tare_houses/decor_branches.jpg | G10: Var | H10: Drive foto 17q0mqTudODHZ96MU-QhDuBn5dZGJSr3p
A11: Tare Houses Hotel | B11: smoke_detector | C11: Duman dedektörü (tavan) | D11: Demirbaş | G11: Çekilecek | H11: Drive foto 1FFkoBOtD_TWAwlnOYQPDiPXqnAMV2lbR
A12: Tare Houses Hotel | B12: dispenser | C12: Duvar dispenseri (şampuan, saç kremi, duş jeli) | D12: Demirbaş | F12: item_photos/tare_houses/shower_dispenser.jpg | G12: Var | H12: Video 18.10.2026
A13: Tare Houses Hotel | B13: shower_basket | C13: Duş sepeti | D13: Demirbaş | G13: Çekilecek | H13: Video 18.10.2026
A14: Tare Houses Hotel | B14: hand_towel | C14: El havlusu | D14: Demirbaş | G14: Çekilecek | H14: Video 18.10.2026
A15: Tare Houses Hotel | B15: hanger | C15: Elbise askısı | D15: Demirbaş | G15: Çekilecek | H15: Video 18.10.2026
A16: Tare Houses Hotel | B16: wardrobe | C16: Gardırop, ahşap, çıtalı kapaklı (TV ünitesiyle birleşik) | D16: Demirbaş | G16: Çekilecek | H16: Drive foto 11rd4F0TCuwx9hu3hZWi60hOjhCx_ZmZJ
A17: Tare Houses Hotel | B17: flush_plate | C17: Gömme rezervuar kumanda paneli, mat siyah çift tuş | D17: Demirbaş | F17: item_photos/tare_houses/flush_plate.jpg | G17: Var | H17: Drive foto 176Aiy4gXnqdkXqLiFXPG1py-NxVLLYce
A18: Tare Houses Hotel | B18: rug_striped | C18: Halı, krem çizgili + kiremit yuvarlak desenli | D18: Demirbaş | F18: item_photos/tare_houses/rug_striped.jpg | G18: Var | H18: Drive foto 16QwrP4dnzdun3aDldvqDTQdKeKNFWyfn
A19: Tare Houses Hotel | B19: towel_bar | C19: Havlu askısı (çubuk), mat siyah | D19: Demirbaş | F19: item_photos/tare_houses/towel_bar.jpg | G19: Var | H19: Drive foto 1CWO16nd8G3iNKOmA8b9EgwJjXPrJnCHm
A20: Tare Houses Hotel | B20: towel_ring | C20: Havlu halkası, mat siyah | D20: Demirbaş | F20: item_photos/tare_houses/towel_ring.jpg | G20: Var | H20: Drive foto 176Aiy4gXnqdkXqLiFXPG1py-NxVLLYce
A21: Tare Houses Hotel | B21: sofa_gray | C21: Kanepe (açılır sofa yatak olabilir), gri kadife | D21: Demirbaş | F21: item_photos/tare_houses/sofa_gray.jpg | G21: Var | H21: Drive foto 16QwrP4dnzdun3aDldvqDTQdKeKNFWyfn
A22: Tare Houses Hotel | B22: kettle | C22: Kettle | D22: Demirbaş | F22: item_photos/tare_houses/kettle.jpg | G22: Var | H22: Video 18.10.2026
A23: Tare Houses Hotel | B23: air_conditioner | C23: Klima iç ünitesi, siyah duvar tipi | D23: Demirbaş | F23: item_photos/tare_houses/air_conditioner.jpg | G23: Var | H23: Drive foto 14VC92YctQ5syDFseOCS7bOidn1pAtrxE
A24: Tare Houses Hotel | B24: armchair | C24: Koltuk | D24: Demirbaş | F24: item_photos/tare_houses/armchair.jpg | G24: Var | H24: Video 18.10.2026
A25: Tare Houses Hotel | B25: nightstand | C25: Komodin | D25: Demirbaş | F25: item_photos/tare_houses/nightstand.jpg | G25: Var | H25: Video 18.10.2026
A26: Tare Houses Hotel | B26: remote | C26: Kumanda (TV + klima) | D26: Demirbaş | G26: Çekilecek | H26: Video 18.10.2026
A27: Tare Houses Hotel | B27: floor_lamp | C27: Lambader, pirinç ayaklı beyaz abajurlu, yan tablalı | D27: Demirbaş | F27: item_photos/tare_houses/floor_lamp.jpg | G27: Var | H27: Drive foto 16QwrP4dnzdun3aDldvqDTQdKeKNFWyfn
A28: Tare Houses Hotel | B28: vanity_unit | C28: Lavabo altı açık raflı ahşap ünite | D28: Demirbaş | F28: item_photos/tare_houses/vanity_unit.jpg | G28: Var | H28: Drive foto 176Aiy4gXnqdkXqLiFXPG1py-NxVLLYce
A29: Tare Houses Hotel | B29: basin_faucet | C29: Lavabo bataryası, mat siyah kuğu boyun | D29: Demirbaş | F29: item_photos/tare_houses/basin_faucet.jpg | G29: Var | H29: Drive foto 1rS9OAXDtSWqHfMKIU_QdvLSU1WPLW-2j
A30: Tare Houses Hotel | B30: globe_table_lamp | C30: Masa/başucu lambası, opal küre + pirinç gövde | D30: Demirbaş | F30: item_photos/tare_houses/globe_table_lamp.jpg | G30: Var | H30: Drive foto 1WEP_jDIwucwzg6uxwakrZL5JQ3wq34tk
A31: Tare Houses Hotel | B31: mini_fridge | C31: Mini buzdolabı, beyaz, tezgah altı | D31: Demirbaş | F31: item_photos/tare_houses/mini_fridge.jpg | G31: Var | H31: Drive foto 1FFkoBOtD_TWAwlnOYQPDiPXqnAMV2lbR
A32: Tare Houses Hotel | B32: room_bin | C32: Oda çöp kovası | D32: Demirbaş | G32: Çekilecek | H32: Video 18.10.2026
A33: Tare Houses Hotel | B33: coffee_table_glass | C33: Orta sehpa, yuvarlak cam tablalı siyah metal | D33: Demirbaş | F33: item_photos/tare_houses/coffee_table_glass.jpg | G33: Var | H33: Drive foto 16QwrP4dnzdun3aDldvqDTQdKeKNFWyfn
A34: Tare Houses Hotel | B34: pendant_lamp | C34: Sarkıt avize, siyah metal disk | D34: Demirbaş | F34: item_photos/tare_houses/pendant_lamp.jpg | G34: Var | H34: Drive foto 14qRyaeW762Tt7lrP6OYjJLumQDBFxCAt
A35: Tare Houses Hotel | B35: tv | C35: TV | D35: Demirbaş | F35: item_photos/tare_houses/tv.jpg | G35: Var | H35: Video 18.10.2026
A36: Tare Houses Hotel | B36: wall_art | C36: Tablo, siyah çerçeveli portre baskı (her odada farklı figür) | D36: Demirbaş | F36: item_photos/tare_houses/wall_art.jpg | G36: Var | H36: Drive foto 1qqZMbxPxzAY3tiWlJeU5zXJ4FJyKCBzS
A37: Tare Houses Hotel | B37: shower_set | C37: Tepe duşlu termostatik duş seti + el duşu, mat siyah | D37: Demirbaş | F37: item_photos/tare_houses/shower_set.jpg | G37: Var | H37: Drive foto 176Aiy4gXnqdkXqLiFXPG1py-NxVLLYce
A38: Tare Houses Hotel | B38: vessel_sink | C38: Tezgah üstü lavabo, traverten taş görünümlü | D38: Demirbaş | F38: item_photos/tare_houses/vessel_sink.jpg | G38: Var | H38: Drive foto 1rS9OAXDtSWqHfMKIU_QdvLSU1WPLW-2j
A39: Tare Houses Hotel | B39: toilet_paper_holder | C39: Tuvalet kağıtlığı, kapaklı mat siyah | D39: Demirbaş | F39: item_photos/tare_houses/toilet_paper_holder.jpg | G39: Var | H39: Drive foto 1J_9i45zMZRnEq7xGQCd53p9mfgJAQ6kF
A40: Tare Houses Hotel | B40: toilet_brush | C40: WC fırçası | D40: Demirbaş | G40: Çekilecek | H40: Video 18.10.2026
A41: Tare Houses Hotel | B41: pillow | C41: Yastık | D41: Demirbaş | F41: item_photos/tare_houses/pillow.jpg | G41: Var | H41: Video 18.10.2026
A42: Tare Houses Hotel | B42: spare_blanket | C42: Yedek battaniye | D42: Demirbaş | G42: Çekilecek | H42: Video 18.10.2026
A43: Tare Houses Hotel | B43: led_mirror | C43: Yuvarlak LED arkadan aydınlatmalı ayna | D43: Demirbaş | F43: item_photos/tare_houses/led_mirror.jpg | G43: Var | H43: Drive foto 176Aiy4gXnqdkXqLiFXPG1py-NxVLLYce
A44: Tare Houses Hotel | B44: round_wall_lamp | C44: Yuvarlak duvar apliği (sarı iç yüzey) | D44: Demirbaş | F44: item_photos/tare_houses/round_wall_lamp.jpg | G44: Var | H44: Drive foto 17q0mqTudODHZ96MU-QhDuBn5dZGJSr3p
A45: Tare Houses Hotel | B45: round_rug_woven | C45: Yuvarlak hasır/örgü halı, lacivert-gri | D45: Demirbaş | F45: item_photos/tare_houses/round_rug_woven.jpg | G45: Var | H45: Drive foto 14qRyaeW762Tt7lrP6OYjJLumQDBFxCAt
A46: Tare Houses Hotel | B46: round_table | C46: Yuvarlak masa, ahşap tek ayaklı | D46: Demirbaş | F46: item_photos/tare_houses/round_table.jpg | G46: Var | H46: Drive foto 1qqZMbxPxzAY3tiWlJeU5zXJ4FJyKCBzS
A47: Tare Houses Hotel | B47: round_bed | C47: Yuvarlak yatak, kavisli ahşap başlık/arkalık | D47: Demirbaş | F47: item_photos/tare_houses/round_bed.jpg | G47: Var | H47: Drive foto 14qRyaeW762Tt7lrP6OYjJLumQDBFxCAt
A48: Tare Houses Hotel | B48: desk_with_chair | C48: Çalışma/konsol masası, ahşap | D48: Demirbaş | F48: item_photos/tare_houses/desk_with_chair.jpg | G48: Var | H48: Drive foto 1g33AxJn7o6rMzP3P8xLRLZ0LghBuqYLy
A49: Tare Houses Hotel | B49: bed | C49: Çift kişilik yatak, ahşap platform baza + dalgalı ahşap başlık | D49: Demirbaş | F49: item_photos/tare_houses/bed.jpg | G49: Var | H49: Drive foto 1LcC8KwgiEYRpYcW1xVOTBI30H2b-odfS
A50: Tare Houses Hotel | B50: paper_towel | C50: Kağıt havlu standı + rulo | D50: Sarf | G50: Çekilecek | H50: Video 18.10.2026
A51: Tare Houses Hotel | B51: liquid_soap | C51: Sıvı el sabunu | D51: Sarf | G51: Çekilecek | H51: Video 18.10.2026
A52: Tare Houses Hotel | B52: toilet_paper | C52: Tuvalet kağıdı (takılı) | D52: Sarf | G52: Çekilecek | H52: Video 18.10.2026
A53: Tare Houses Hotel | B53: toilet_paper_spare | C53: Yedek tuvalet kağıdı | D53: Sarf | G53: Çekilecek | H53: Video 18.10.2026
A54: Tare Houses Hotel | B54: wooden_bowl | C54: Ahşap kase | D54: Mutfak Malzemesi | G54: Çekilecek | H54: Video 18.10.2026
A55: Tare Houses Hotel | B55: dish_rack | C55: Bulaşıklık | D55: Mutfak Malzemesi | F55: item_photos/tare_houses/dish_rack.jpg | G55: Var | H55: Video 18.10.2026
A56: Tare Houses Hotel | B56: dinner_plate | C56: Büyük tabak (gri) | D56: Mutfak Malzemesi | F56: item_photos/tare_houses/dinner_plate_gray.jpg | G56: Var | H56: Video 18.10.2026
A57: Tare Houses Hotel | B57: sponge_caddy | C57: Fırça + sünger + deterjan standı | D57: Mutfak Malzemesi | F57: item_photos/tare_houses/sink_caddy.jpg | G57: Var | H57: Video 18.10.2026
A58: Tare Houses Hotel | B58: bowl | C58: Kase (yeşil) | D58: Mutfak Malzemesi | F58: item_photos/tare_houses/bowl.jpg | G58: Var | H58: Video 18.10.2026
A59: Tare Houses Hotel | B59: cutting_board | C59: Kesme tahtası | D59: Mutfak Malzemesi | F59: item_photos/tare_houses/cutting_board_glass.jpg | G59: Var | H59: Video 18.10.2026
A60: Tare Houses Hotel | B60: knife_set | C60: Kiyomi bıçak seti | D60: Mutfak Malzemesi | F60: item_photos/tare_houses/knife_set_box.jpg | G60: Var | H60: Video 18.10.2026
A61: Tare Houses Hotel | B61: saucepan | C61: Kulplu küçük tencere + kapak | D61: Mutfak Malzemesi | G61: Çekilecek | H61: Video 18.10.2026
A62: Tare Houses Hotel | B62: mug | C62: Kupa | D62: Mutfak Malzemesi | F62: item_photos/tare_houses/cup.jpg | G62: Var | H62: Video 18.10.2026
A63: Tare Houses Hotel | B63: side_plate | C63: Küçük tabak (gri) | D63: Mutfak Malzemesi | F63: item_photos/tare_houses/small_plate_gray.jpg | G63: Var | H63: Video 18.10.2026
A64: Tare Houses Hotel | B64: small_plate_green | C64: Küçük tabak (yeşil) | D64: Mutfak Malzemesi | F64: item_photos/tare_houses/saucer_plate_olive.jpg | G64: Var | H64: Video 18.10.2026
A65: Tare Houses Hotel | B65: trivet | C65: Mantar nihale | D65: Mutfak Malzemesi | G65: Çekilecek | H65: Video 18.10.2026
A66: Tare Houses Hotel | B66: silicone_slotted | C66: Silikon delikli kepçe | D66: Mutfak Malzemesi | F66: item_photos/tare_houses/silicone_skimmer.jpg | G66: Var | H66: Video 18.10.2026
A67: Tare Houses Hotel | B67: silicone_spoon | C67: Silikon servis kaşığı | D67: Mutfak Malzemesi | F67: item_photos/tare_houses/silicone_serving_spoon.jpg | G67: Var | H67: Video 18.10.2026
A68: Tare Houses Hotel | B68: sauce_bowl | C68: Sos kasesi (krem) | D68: Mutfak Malzemesi | F68: item_photos/tare_houses/sauce_bowl.jpg | G68: Var | H68: Video 18.10.2026
A69: Tare Houses Hotel | B69: water_glass | C69: Su bardağı | D69: Mutfak Malzemesi | F69: item_photos/tare_houses/water_glass.jpg | G69: Var | H69: Video 18.10.2026
A70: Tare Houses Hotel | B70: frying_pan | C70: Tava | D70: Mutfak Malzemesi | G70: Çekilecek | H70: Video 18.10.2026
A71: Tare Houses Hotel | B71: pot | C71: Tencere + kapak | D71: Mutfak Malzemesi | G71: Çekilecek | H71: Video 18.10.2026
A72: Tare Houses Hotel | B72: salt_pepper_set | C72: Tuz-biber-kürdan standı | D72: Mutfak Malzemesi | F72: item_photos/tare_houses/salt_pepper_stand.jpg | G72: Var | H72: Video 18.10.2026
A73: Tare Houses Hotel | B73: oil_bottle | C73: Yağ şişesi | D73: Mutfak Malzemesi | G73: Çekilecek | H73: Video 18.10.2026
A74: Tare Houses Hotel | B74: knife | C74: Yemek bıçağı | D74: Mutfak Malzemesi | F74: item_photos/tare_houses/knife_spoon.jpg | G74: Var | H74: Video 18.10.2026
A75: Tare Houses Hotel | B75: spoon | C75: Yemek kaşığı | D75: Mutfak Malzemesi | F75: item_photos/tare_houses/knife_spoon.jpg | G75: Var | H75: Video 18.10.2026
A76: Tare Houses Hotel | B76: fork | C76: Yemek çatalı | D76: Mutfak Malzemesi | F76: item_photos/tare_houses/fork.jpg | G76: Var | H76: Video 18.10.2026
A77: Tare Houses Hotel | B77: cutlery_tray | C77: Çatal-bıçak kaşıklığı (gri plastik, 5 bölmeli) – çatal, kaşık, bıçak, çay kaşığı | D77: Mutfak Malzemesi | F77: item_photos/tare_houses/cutlery_tray.jpg | G77: Var | H77: Drive foto 1gBhQHIi6bzk6tGomCZtnNvQvkrdWcUKS
A78: Tare Houses Hotel | B78: tea_glass | C78: Çay bardağı, ince belli şeffaf cam | D78: Mutfak Malzemesi | F78: item_photos/tare_houses/tea_glass.jpg | G78: Var | H78: Drive foto 1awZJAU5Wpc9nJPY0E1_3Br2lAtjrUbBV
A79: Tare Houses Hotel | B79: teaspoon | C79: Çay kaşığı | D79: Mutfak Malzemesi | G79: Çekilecek | H79: Video 18.10.2026
A80: Tare Houses Hotel | B80: deep_plate | C80: Çukur tabak (yeşil) | D80: Mutfak Malzemesi | F80: item_photos/tare_houses/deep_plate.jpg | G80: Var | H80: Video 18.10.2026
A81: Tare Houses Hotel | B81: corkscrew | C81: Şarap açacağı | D81: Mutfak Malzemesi | F81: item_photos/tare_houses/corkscrew.jpg | G81: Var | H81: Video 18.10.2026
A82: Tare Houses Hotel | B82: wine_glass | C82: Şarap kadehi | D82: Mutfak Malzemesi | F82: item_photos/tare_houses/wine_glass.jpg | G82: Var | H82: Video 18.10.2026
A83: Tare Houses Hotel | B83: water | C83: Su (şişe) | D83: İçecek | F83: item_photos/suites_urla/wc_set.jpg | G83: Çekilecek | H83: Video 18.10.2026
A84: Tare Houses Hotel | B84: coffee | C84: Kahve (stick/kapsül) | D84: İkram | G84: Çekilecek | H84: Video 18.10.2026
A85: Tare Houses Hotel | B85: tea | C85: Çay (poşet) | D85: İkram | G85: Çekilecek | H85: Video 18.10.2026
A86: Tare Houses Hotel | B86: sugar | C86: Şeker (stick) | D86: İkram | G86: Çekilecek | H86: Video 18.10.2026
A87: Tare Suites Urla | B87: asma_klozet | C87: Asma klozet + gömme rezervuar | D87: Demirbaş | F87: item_photos/suites_urla/wc_set.jpg | G87: Var | H87: Drive foto EDR_IMG_1221 / DSSW_IMG_1216 / EXSB_IMG_1222 / DS_IMG_1541 / DFS_IMG_1159
A88: Tare Suites Urla | B88: ikram_tepsisi | C88: Bambu ikram tepsisi | D88: Demirbaş | F88: item_photos/suites_urla/ikram_tepsisi.jpg | G88: Var | H88: Drive foto EDR_IMG_1218 / DFS_IMG_1152
A89: Tare Suites Urla | B89: banyo_aynasi | C89: Banyo aynası | D89: Demirbaş | F89: item_photos/suites_urla/yuvarlak_ayna.jpg | G89: Var | H89: Drive foto EDR_IMG_1220 / DSSW_IMG_1215 / EXSB_IMG_1222 / DS_IMG_1542
A90: Tare Suites Urla | B90: duman_dedektoru | C90: Duman dedektörü | D90: Demirbaş | F90: item_photos/suites_urla/duvar_tv.jpg | G90: Çekilecek | H90: Drive foto EDR_IMG_1218 / DSSW_IMG_1211
A91: Tare Suites Urla | B91: aplik | C91: Duvar apliği | D91: Demirbaş | G91: Çekilecek | H91: Drive foto EDR_IMG_1545 / DSSW_IMG_1214 / EXSB_IMG_1225 / DS_IMG_1539 / DFS_IMG_1161
A92: Tare Suites Urla | B92: havlu_rafi | C92: Duvar havlu rafı (krom, 2 katlı) | D92: Demirbaş | F92: item_photos/suites_urla/havlu_rafi.jpg | G92: Var | H92: Drive foto EDR_IMG_1221 / DSSW_IMG_1216 / EXSB_IMG_1222 / DS_IMG_1541 / DFS_IMG_1158
A93: Tare Suites Urla | B93: tablo | C93: Duvar tablosu | D93: Demirbaş | F93: item_photos/suites_urla/gardirop.jpg | G93: Çekilecek | H93: Drive foto EDR_IMG_1543 / DSSW_IMG_1214 / EXSB_IMG_1223 / DS_IMG_1539 / DFS_IMG_1160
A94: Tare Suites Urla | B94: duvar_tv | C94: Duvar tipi TV | D94: Demirbaş | F94: item_photos/suites_urla/duvar_tv.jpg | G94: Var | H94: Drive foto EDR_IMG_1219 / DSSW_IMG_1213 / EXSB_IMG_1226 / DS_IMG_1537 / DFS_IMG_1153
A95: Tare Suites Urla | B95: dus_rafi | C95: Duş içi tel raf/sepet | D95: Demirbaş | F95: item_photos/suites_urla/calisma_masasi_ayna.jpg | G95: Çekilecek | H95: Drive foto EDR_IMG_1220 / DSSW_IMG_1215
A96: Tare Suites Urla | B96: dus_kabini | C96: Duş kabini (cam, köşe) | D96: Demirbaş | F96: item_photos/suites_urla/dus_kabini.jpg | G96: Var | H96: Drive foto EDR_IMG_1220 / DSSW_IMG_1215 / EXSB_IMG_1222 / DS_IMG_1541 / DFS_IMG_1158
A97: Tare Suites Urla | B97: gardirop | C97: Gardırop (2 kapaklı) | D97: Demirbaş | F97: item_photos/suites_urla/gardirop.jpg | G97: Var | H97: Drive foto EXSB_IMG_1226
A98: Tare Suites Urla | B98: komodin | C98: Komodin (çekmeceli, açık raflı) | D98: Demirbaş | F98: item_photos/suites_urla/komodin.jpg | G98: Var | H98: Drive foto EDR_IMG_1543 / DSSW_IMG_1214 / EXSB_IMG_1225 / DS_IMG_1539 / DFS_IMG_1161
A99: Tare Suites Urla | B99: calisma_masasi_ayna | C99: Konsol/çalışma masası + duvar aynası | D99: Demirbaş | F99: item_photos/suites_urla/calisma_masasi_ayna.jpg | G99: Var | H99: Drive foto EDR_IMG_1219 / DSSW_IMG_1211 / EXSB_IMG_1226 / DS_IMG_1537
A100: Tare Suites Urla | B100: kumanda | C100: Kumanda (TV + klima) | D100: Demirbaş | G100: Çekilecek | H100: Drive foto
...

Sheet Envanter - Demirbaş
A1: Tesis | B1: Oda Tipi Kodu | C1: Adım No | D1: Adım Adı (otomatik) | E1: Kalem Kodu | F1: Kalem Adı (otomatik) | G1: Tür (otomatik) | H1: Olması Gereken Adet | I1: Doğrulandı mı | J1: Kaynak | K1: Not
A2: Tare Houses Hotel | B2: X1 | D2: =IFERROR(INDEX('Kontrol Adımları'!$D:$D,MATCH(1,INDEX(('Kontrol Adımları'!$A$1:$A$400=B2)*('Kontrol Adımları'!$B$1:$B$400=C2),0),0)),"") | E2: cooktop | F2: =IFERROR(INDEX('Kalem Kataloğu'!$C$1:$C$1000,MATCH(1,INDEX(('Kalem Kataloğu'!$A$1:$A$1000=A2)*('Kalem Kataloğu'!$B$1:$B$1000=E2),0),0)),"?") | G2: =IFERROR(INDEX('Kalem Kataloğu'!$D$1:$D$1000,MATCH(1,INDEX(('Kalem Kataloğu'!$A$1:$A$1000=A2)*('Kalem Kataloğu'!$B$1:$B$1000=E2),0),0)),"?") | H2: 1 | I2: Hayır | J2: Drive foto (Tem. 2024) | K2: [güven: yüksek]
A3: Tare Houses Hotel | B3: X1 | D3: =IFERROR(INDEX('Kontrol Adımları'!$D:$D,MATCH(1,INDEX(('Kontrol Adımları'!$A$1:$A$400=B3)*('Kontrol Adımları'!$B$1:$B$400=C3),0),0)),"") | E3: wc | F3: =IFERROR(INDEX('Kalem Kataloğu'!$C$1:$C$1000,MATCH(1,INDEX(('Kalem Kataloğu'!$A$1:$A$1000=A3)*('Kalem Kataloğu'!$B$1:$B$1000=E3),0),0)),"?") | G3: =IFERROR(INDEX('Kalem Kataloğu'!$D$1:$D$1000,MATCH(1,INDEX(('Kalem Kataloğu'!$A$1:$A$1000=A3)*('Kalem Kataloğu'!$B$1:$B$1000=E3),0),0)),"?") | H3: 1 | I3: Hayır | J3: Drive foto (Tem. 2024) | K3: [güven: yüksek]
A4: Tare Houses Hotel | B4: X1 | D4: =IFERROR(INDEX('Kontrol Adımları'!$D:$D,MATCH(1,INDEX(('Kontrol Adımları'!$A$1:$A$400=B4)*('Kontrol Adımları'!$B$1:$B$400=C4),0),0)),"") | E4: hanging_bin | F4: =IFERROR(INDEX('Kalem Kataloğu'!$C$1:$C$1000,MATCH(1,INDEX(('Kalem Kataloğu'!$A$1:$A$1000=A4)*('Kalem Kataloğu'!$B$1:$B$1000=E4),0),0)),"?") | G4: =IFERROR(INDEX('Kalem Kataloğu'!$D$1:$D$1000,MATCH(1,INDEX(('Kalem Kataloğu'!$A$1:$A$1000=A4)*('Kalem Kataloğu'!$B$1:$B$1000=E4),0),0)),"?") | H4: 1 | I4: Hayır | J4: Drive foto (Tem. 2024) | K4: [güven: yüksek]
A5: Tare Houses Hotel | B5: X1 | D5: =IFERROR(INDEX('Kontrol Adımları'!$D:$D,MATCH(1,INDEX(('Kontrol Adımları'!$A$1:$A$400=B5)*('Kontrol Adımları'!$B$1:$B$400=C5),0),0)),"") | E5: bath_bin | F5: =IFERROR(INDEX('Kalem Kataloğu'!$C$1:$C$1000,MATCH(1,INDEX(('Kalem Kataloğu'!$A$1:$A$1000=A5)*('Kalem Kataloğu'!$B$1:$B$1000=E5),0),0)),"?") | G5: =IFERROR(INDEX('Kalem Kataloğu'!$D$1:$D$1000,MATCH(1,INDEX(('Kalem Kataloğu'!$A$1:$A$1000=A5)*('Kalem Kataloğu'!$B$1:$B$1000=E5),0),0)),"?") | H5: 1 | I5: Hayır | J5: Drive foto (Tem. 2024) | K5: Excel X3: banyo çöp kovası 1. [güven: yüksek]
A6: Tare Houses Hotel | B6: X1 | D6: =IFERROR(INDEX('Kontrol Adımları'!$D:$D,MATCH(1,INDEX(('Kontrol Adımları'!$A$1:$A$400=B6)*('Kontrol Adımları'!$B$1:$B$400=C6),0),0)),"") | E6: bedside_wall_lamp | F6: =IFERROR(INDEX('Kalem Kataloğu'!$C$1:$C$1000,MATCH(1,INDEX(('Kalem Kataloğu'!$A$1:$A$1000=A6)*('Kalem Kataloğu'!$B$1:$B$1000=E6),0),0)),"?") | G6: =IFERROR(INDEX('Kalem Kataloğu'!$D$1:$D$1000,MATCH(1,INDEX(('Kalem Kataloğu'!$A$1:$A$1000=A6)*('Kalem Kataloğu'!$B$1:$B$1000=E6),0),0)),"?") | H6: 2 | I6: Hayır | J6: Drive foto (Tem. 2024) | K6: Yatağın iki yanında. [güven: orta]
A7: Tare Houses Hotel | B7: X1 | D7: =IFERROR(INDEX('Kontrol Adımları'!$D:$D,MATCH(1,INDEX(('Kontrol Adımları'!$A$1:$A$400=B7)*('Kontrol Adımları'!$B$1:$B$400=C7),0),0)),"") | E7: range_hood | F7: =IFERROR(INDEX('Kalem Kataloğu'!$C$1:$C$1000,MATCH(1,INDEX(('Kalem Kataloğu'!$A$1:$A$1000=A7)*('Kalem Kataloğu'!$B$1:$B$1000=E7),0),0)),"?") | G7: =IFERROR(INDEX('Kalem Kataloğu'!$D$1:$D$1000,MATCH(1,INDEX(('Kalem Kataloğu'!$A$1:$A$1000=A7)*('Kalem Kataloğu'!$B$1:$B$1000=E7),0),0)),"?") | H7: 1 | I7: Hayır | J7: Drive foto (Tem. 2024) | K7: [güven: orta]
A8: Tare Houses Hotel | B8: X1 | D8: =IFERROR(INDEX('Kontrol Adımları'!$D:$D,MATCH(1,INDEX(('Kontrol Adımları'!$A$1:$A$400=B8)*('Kontrol Adımları'!$B$1:$B$400=C8),0),0)),"") | E8: decor_branches | F8: =IFERROR(INDEX('Kalem Kataloğu'!$C$1:$C$1000,MATCH(1,INDEX(('Kalem Kataloğu'!$A$1:$A$1000=A8)*('Kalem Kataloğu'!$B$1:$B$1000=E8),0),0)),"?") | G8: =IFERROR(INDEX('Kalem Kataloğu'!$D$1:$D$1000,MATCH(1,INDEX(('Kalem Kataloğu'!$A$1:$A$1000=A8)*('Kalem Kataloğu'!$B$1:$B$1000=E8),0),0)),"?") | H8: 1 | I8: Hayır | J8: Drive foto (Tem. 2024) | K8: [güven: orta]
A9: Tare Houses Hotel | B9: X1 | D9: =IFERROR(INDEX('Kontrol Adımları'!$D:$D,MATCH(1,INDEX(('Kontrol Adımları'!$A$1:$A$400=B9)*('Kontrol Adımları'!$B$1:$B$400=C9),0),0)),"") | E9: smoke_detector | F9: =IFERROR(INDEX('Kalem Kataloğu'!$C$1:$C$1000,MATCH(1,INDEX(('Kalem Kataloğu'!$A$1:$A$1000=A9)*('Kalem Kataloğu'!$B$1:$B$1000=E9),0),0)),"?") | G9: =IFERROR(INDEX('Kalem Kataloğu'!$D$1:$D$1000,MATCH(1,INDEX(('Kalem Kataloğu'!$A$1:$A$1000=A9)*('Kalem Kataloğu'!$B$1:$B$1000=E9),0),0)),"?") | H9: 1 | I9: Hayır | J9: Drive foto (Tem. 2024) | K9: [güven: orta]
A10: Tare Houses Hotel | B10: X1 | D10: =IFERROR(INDEX('Kontrol Adımları'!$D:$D,MATCH(1,INDEX(('Kontrol Adımları'!$A$1:$A$400=B10)*('Kontrol Adımları'!$B$1:$B$400=C10),0),0)),"") | E10: dispenser | F10: =IFERROR(INDEX('Kalem Kataloğu'!$C$1:$C$1000,MATCH(1,INDEX(('Kalem Kataloğu'!$A$1:$A$1000=A10)*('Kalem Kataloğu'!$B$1:$B$1000=E10),0),0)),"?") | G10: =IFERROR(INDEX('Kalem Kataloğu'!$D$1:$D$1000,MATCH(1,INDEX(('Kalem Kataloğu'!$A$1:$A$1000=A10)*('Kalem Kataloğu'!$B$1:$B$1000=E10),0),0)),"?") | H10: 1 | I10: Hayır | J10: Drive foto (Tem. 2024) | K10: Excel X3: 3 hazne. [güven: yüksek]
A11: Tare Houses Hotel | B11: X1 | D11: =IFERROR(INDEX('Kontrol Adımları'!$D:$D,MATCH(1,INDEX(('Kontrol Adımları'!$A$1:$A$400=B11)*('Kontrol Adımları'!$B$1:$B$400=C11),0),0)),"") | E11: wardrobe | F11: =IFERROR(INDEX('Kalem Kataloğu'!$C$1:$C$1000,MATCH(1,INDEX(('Kalem Kataloğu'!$A$1:$A$1000=A11)*('Kalem Kataloğu'!$B$1:$B$1000=E11),0),0)),"?") | G11: =IFERROR(INDEX('Kalem Kataloğu'!$D$1:$D$1000,MATCH(1,INDEX(('Kalem Kataloğu'!$A$1:$A$1000=A11)*('Kalem Kataloğu'!$B$1:$B$1000=E11),0),0)),"?") | H11: 1 | I11: Hayır | J11: Drive foto (Tem. 2024) | K11: İçi (askı, battaniye) fotoğrafta görünmüyor. Excel X3: askı 6, yedek battaniye 1. [güven: yüksek]
A12: Tare Houses Hotel | B12: X1 | D12: =IFERROR(INDEX('Kontrol Adımları'!$D:$D,MATCH(1,INDEX(('Kontrol Adımları'!$A$1:$A$400=B12)*('Kontrol Adımları'!$B$1:$B$400=C12),0),0)),"") | E12: flush_plate | F12: =IFERROR(INDEX('Kalem Kataloğu'!$C$1:$C$1000,MATCH(1,INDEX(('Kalem Kataloğu'!$A$1:$A$1000=A12)*('Kalem Kataloğu'!$B$1:$B$1000=E12),0),0)),"?") | G12: =IFERROR(INDEX('Kalem Kataloğu'!$D$1:$D$1000,MATCH(1,INDEX(('Kalem Kataloğu'!$A$1:$A$1000=A12)*('Kalem Kataloğu'!$B$1:$B$1000=E12),0),0)),"?") | H12: 1 | I12: Hayır | J12: Drive foto (Tem. 2024) | K12: [güven: yüksek]
A13: Tare Houses Hotel | B13: X1 | D13: =IFERROR(INDEX('Kontrol Adımları'!$D:$D,MATCH(1,INDEX(('Kontrol Adımları'!$A$1:$A$400=B13)*('Kontrol Adımları'!$B$1:$B$400=C13),0),0)),"") | E13: rug_striped | F13: =IFERROR(INDEX('Kalem Kataloğu'!$C$1:$C$1000,MATCH(1,INDEX(('Kalem Kataloğu'!$A$1:$A$1000=A13)*('Kalem Kataloğu'!$B$1:$B$1000=E13),0),0)),"?") | G13: =IFERROR(INDEX('Kalem Kataloğu'!$D$1:$D$1000,MATCH(1,INDEX(('Kalem Kataloğu'!$A$1:$A$1000=A13)*('Kalem Kataloğu'!$B$1:$B$1000=E13),0),0)),"?") | H13: 1 | I13: Hayır | J13: Drive foto (Tem. 2024) | K13: [güven: orta]
... A23: Tare Houses Hotel | B23: X1 | D23: =IFERROR(INDEX('Kontrol Adımları'!$D:$D,MATCH(1,INDEX(('Kontrol Adımları'!$A$1:$A$400=B23)*('Kontrol Adımları'!$B$1:$B$400=C23),0),0)),"") | E23: basin_faucet | F23: =IFERROR(INDEX('Kalem Kataloğu'!$C$1:$C$1000,MATCH(1,INDEX(('Kalem Kataloğu'!$A$1:$A$1000=A23)*('Kalem Kataloğu'!$B$1:$B$1000=E23),0),0)),"?") | G23: =IFERROR(INDEX('Kalem Kataloğu'!$D$1:$D$1000,MATCH(1,INDEX(('Kalem Kataloğu'!$A$1:$A$1000=A23)*('Kalem Kataloğu'!$B$1:$B$1000=E23),0),0)),"?") | H23: 1 | I23: Hayır | J23: Drive foto (Tem. 2024) | K23: [güven: yüksek]
A24: Tare Houses Hotel | B24: X1 | D24: =IFERROR(INDEX('Kontrol Adımları'!$D:$D,MATCH(1,INDEX(('Kontrol Adımları'!$A$1:$A$400=B24)*('Kontrol Adımları'!$B$1:$B$400=C24),0),0)),"") | E24: globe_table_lamp | F24: =IFERROR(INDEX('Kalem Kataloğu'!$C$1:$C$1000,MATCH(1,INDEX(('Kalem Kataloğu'!$A$1:$A$1000=A24)*('Kalem Kataloğu'!$B$1:$B$1000=E24),0),0)),"?") | G24: =IFERROR(INDEX('Kalem Kataloğu'!$D$1:$D$1000,MATCH(1,INDEX(('Kalem Kataloğu'!$A$1:$A$1000=A24)*('Kalem Kataloğu'!$B$1:$B$1000=E24),0),0)),"?") | I24: Hayır | J24: Drive foto (Tem. 2024) | K24: X4 yatak başlığı tablalarında 2 adet. [güven: yüksek]
A25: Tare Houses Hotel | B25: X1 | D25: =IFERROR(INDEX('Kontrol Adımları'!$D:$D,MATCH(1,INDEX(('Kontrol Adımları'!$A$1:$A$400=B25)*('Kontrol Adımları'!$B$1:$B$400=C25),0),0)),"") | E25: mini_fridge | F25: =IFERROR(INDEX('Kalem Kataloğu'!$C$1:$C$1000,MATCH(1,INDEX(('Kalem Kataloğu'!$A$1:$A$1000=A25)*('Kalem Kataloğu'!$B$1:$B$1000=E25),0),0)),"?") | G25: =IFERROR(INDEX('Kalem Kataloğu'!$D$1:$D$1000,MATCH(1,INDEX(('Kalem Kataloğu'!$A$1:$A$1000=A25)*('Kalem Kataloğu'!$B$1:$B$1000=E25),0),0)),"?") | H25: 1 | I25: Hayır | J25: Drive foto (Tem. 2024) | K25: [güven: yüksek]
A26: Tare Houses Hotel | B26: X1 | D26: =IFERROR(INDEX('Kontrol Adımları'!$D:$D,MATCH(1,INDEX(('Kontrol Adımları'!$A$1:$A$400=B26)*('Kontrol Adımları'!$B$1:$B$400=C26),0),0)),"") | E26: coffee_table_glass | F26: =IFERROR(INDEX('Kalem Kataloğu'!$C$1:$C$1000,MATCH(1,INDEX(('Kalem Kataloğu'!$A$1:$A$1000=A26)*('Kalem Kataloğu'!$B$1:$B$1000=E26),0),0)),"?") | G26: =IFERROR(INDEX('Kalem Kataloğu'!$D$1:$D$1000,MATCH(1,INDEX(('Kalem Kataloğu'!$A$1:$A$1000=A26)*('Kalem Kataloğu'!$B$1:$B$1000=E26),0),0)),"?") | H26: 1 | I26: Hayır | J26: Drive foto (Tem. 2024) | K26: [güven: yüksek]
A27: Tare Houses Hotel | B27: X1 | D27: =IFERROR(INDEX('Kontrol Adımları'!$D:$D,MATCH(1,INDEX(('Kontrol Adımları'!$A$1:$A$400=B27)*('Kontrol Adımları'!$B$1:$B$400=C27),0),0)),"") | E27: pendant_lamp | F27: =IFERROR(INDEX('Kalem Kataloğu'!$C$1:$C$1000,MATCH(1,INDEX(('Kalem Kataloğu'!$A$1:$A$1000=A27)*('Kalem Kataloğu'!$B$1:$B$1000=E27),0),0)),"?") | G27: =IFERROR(INDEX('Kalem Kataloğu'!$D$1:$D$1000,MATCH(1,INDEX(('Kalem Kataloğu'!$A$1:$A$1000=A27)*('Kalem Kataloğu'!$B$1:$B$1000=E27),0),0)),"?") | I27: Hayır | J27: Drive foto (Tem. 2024) | K27: [güven: yüksek]
A28: Tare Houses Hotel | B28: X1 | D28: =IFERROR(INDEX('Kontrol Adımları'!$D:$D,MATCH(1,INDEX(('Kontrol Adımları'!$A$1:$A$400=B28)*('Kontrol Adımları'!$B$1:$B$400=C28),0),0)),"") | E28: tv | F28: =IFERROR(INDEX('Kalem Kataloğu'!$C$1:$C$1000,MATCH(1,INDEX(('Kalem Kataloğu'!$A$1:$A$1000=A28)*('Kalem Kataloğu'!$B$1:$B$1000=E28),0),0)),"?") | G28: =IFERROR(INDEX('Kalem Kataloğu'!$D$1:$D$1000,MATCH(1,INDEX(('Kalem Kataloğu'!$A$1:$A$1000=A28)*('Kalem Kataloğu'!$B$1:$B$1000=E28),0),0)),"?") | H28: 2 | I28: Hayır | J28: Drive foto (Tem. 2024) | K28: X1'de yatak odasında 1 + oturma alanı/koridor duvarında 1 görünüyor; teyit et. Excel X3: 1. [güven: orta]
A29: Tare Houses Hotel | B29: X1 | D29: =IFERROR(INDEX('Kontrol Adımları'!$D:$D,MATCH(1,INDEX(('Kontrol Adımları'!$A$1:$A$400=B29)*('Kontrol Adımları'!$B$1:$B$400=C29),0),0)),"") | E29: wall_art | F29: =IFERROR(INDEX('Kalem Kataloğu'!$C$1:$C$1000,MATCH(1,INDEX(('Kalem Kataloğu'!$A$1:$A$1000=A29)*('Kalem Kataloğu'!$B$1:$B$1000=E29),0),0)),"?") | G29: =IFERROR(INDEX('Kalem Kataloğu'!$D$1:$D$1000,MATCH(1,INDEX(('Kalem Kataloğu'!$A$1:$A$1000=A29)*('Kalem Kataloğu'!$B$1:$B$1000=E29),0),0)),"?") | H29: 2 | I29: Hayır | J29: Drive foto (Tem. 2024) | K29: X1: oturma alanı + yatak odası 2 adet. [güven: yüksek]
A30: Tare Houses Hotel | B30: X1 | D30: =IFERROR(INDEX('Kontrol Adımları'!$D:$D,MATCH(1,INDEX(('Kontrol Adımları'!$A$1:$A$400=B30)*('Kontrol Adımları'!$B$1:$B$400=C30),0),0)),"") | E30: shower_set | F30: =IFERROR(INDEX('Kalem Kataloğu'!$C$1:$C$1000,MATCH(1,INDEX(('Kalem Kataloğu'!$A$1:$A$1000=A30)*('Kalem Kataloğu'!$B$1:$B$1000=E30),0),0)),"?") | G30: =IFERROR(INDEX('Kalem Kataloğu'!$D$1:$D$1000,MATCH(1,INDEX(('Kalem Kataloğu'!$A$1:$A$1000=A30)*('Kalem Kataloğu'!$B$1:$B$1000=E30),0),0)),"?") | H30: 1 | I30: Hayır | J30: Drive foto (Tem. 2024) | K30: [güven: yüksek]
A31: Tare Houses Hotel | B31: X1 | D31: =IFERROR(INDEX('Kontrol Adımları'!$D:$D,MATCH(1,INDEX(('Kontrol Adımları'!$A$1:$A$400=B31)*('Kontrol Adımları'!$B$1:$B$400=C31),0),0)),"") | E31: vessel_sink | F31: =IFERROR(INDEX('Kalem Kataloğu'!$C$1:$C$1000,MATCH(1,INDEX(('Kalem Kataloğu'!$A$1:$A$1000=A31)*('Kalem Kataloğu'!$B$1:$B$1000=E31),0),0)),"?") | G31: =IFERROR(INDEX('Kalem Kataloğu'!$D$1:$D$1000,MATCH(1,INDEX(('Kalem Kataloğu'!$A$1:$A$1000=A31)*('Kalem Kataloğu'!$B$1:$B$1000=E31),0),0)),"?") | H31: 1 | I31: Hayır | J31: Drive foto (Tem. 2024) | K31: [güven: yüksek]
A32: Tare Houses Hotel | B32: X1 | D32: =IFERROR(INDEX('Kontrol Adımları'!$D:$D,MATCH(1,INDEX(('Kontrol Adımları'!$A$1:$A$400=B32)*('Kontrol Adımları'!$B$1:$B$400=C32),0),0)),"") | E32: toilet_paper_holder | F32: =IFERROR(INDEX('Kalem Kataloğu'!$C$1:$C$1000,MATCH(1,INDEX(('Kalem Kataloğu'!$A$1:$A$1000=A32)*('Kalem Kataloğu'!$B$1:$B$1000=E32),0),0)),"?") | G32: =IFERROR(INDEX('Kalem Kataloğu'!$D$1:$D$1000,MATCH(1,INDEX(('Kalem Kataloğu'!$A$1:$A$1000=A32)*('Kalem Kataloğu'!$B$1:$B$1000=E32),0),0)),"?") | H32: 1 | I32: Hayır | J32: Drive foto (Tem. 2024) | K32: [güven: orta]
A33: Tare Houses Hotel | B33: X1 | D33: =IFERROR(INDEX('Kontrol Adımları'!$D:$D,MATCH(1,INDEX(('Kontrol Adımları'!$A$1:$A$400=B33)*('Kontrol Adımları'!$B$1:$B$400=C33),0),0)),"") | E33: toilet_brush | F33: =IFERROR(INDEX('Kalem Kataloğu'!$C$1:$C$1000,MATCH(1,INDEX(('Kalem Kataloğu'!$A$1:$A$1000=A33)*('Kalem Kataloğu'!$B$1:$B$1000=E33),0),0)),"?") | G33: =IFERROR(INDEX('Kalem Kataloğu'!$D$1:$D$1000,MATCH(1,INDEX(('Kalem Kataloğu'!$A$1:$A$1000=A33)*('Kalem Kataloğu'!$B$1:$B$1000=E33),0),0)),"?") | H33: 1 | I33: Hayır | J33: Drive foto (Tem. 2024) | K33: Fotoğrafta küçük görünüyor; kırpılmadı. [güven: orta]
A34: Tare Houses Hotel | B34: X1 | D34: =IFERROR(INDEX('Kontrol Adımları'!$D:$D,MATCH(1,INDEX(('Kontrol Adımları'!$A$1:$A$400=B34)*('Kontrol Adımları'!$B$1:$B$400=C34),0),0)),"") | E34: pillow | F34: =IFERROR(INDEX('Kalem Kataloğu'!$C$1:$C$1000,MATCH(1,INDEX(('Kalem Kataloğu'!$A$1:$A$1000=A34)*('Kalem Kataloğu'!$B$1:$B$1000=E34),0),0)),"?") | G34: =IFERROR(INDEX('Kalem Kataloğu'!$D$1:$D$1000,MATCH(1,INDEX(('Kalem Kataloğu'!$A$1:$A$1000=A34)*('Kalem Kataloğu'!$B$1:$B$1000=E34),0),0)),"?") | H34: 4 | I34: Hayır | J34: Drive foto (Tem. 2024) | K34: Yatakta 2 arka + 2 ön. Excel X3: 4 (doğrulanmadı). [güven: orta]
A35: Tare Houses Hotel | B35: X1 | D35: =IFERROR(INDEX('Kontrol Adımları'!$D:$D,MATCH(1,INDEX(('Kontrol Adımları'!$A$1:$A$400=B35)*('Kontrol Adımları'!$B$1:$B$400=C35),0),0)),"") | E35: led_mirror | F35: =IFERROR(INDEX('Kalem Kataloğu'!$C$1:$C$1000,MATCH(1,INDEX(('Kalem Kataloğu'!$A$1:$A$1000=A35)*('Kalem Kataloğu'!$B$1:$B$1000=E35),0),0)),"?") | G35: =IFERROR(INDEX('Kalem Kataloğu'!$D$1:$D$1000,MATCH(1,INDEX(('Kalem Kataloğu'!$A$1:$A$1000=A35)*('Kalem Kataloğu'!$B$1:$B$1000=E35),0),0)),"?") | H35: 1 | I35: Hayır | J35: Drive foto (Tem. 2024) | K35: [güven: yüksek]
A36: Tare Houses Hotel | B36: X1 | D36: =IFERROR(INDEX('Kontrol Adımları'!$D:$D,MATCH(1,INDEX(('Kontrol Adımları'!$A$1:$A$400=B36)*('Kontrol Adımları'!$B$1:$B$400=C36),0),0)),"") | E36: round_wall_lamp | F36: =IFERROR(INDEX('Kalem Kataloğu'!$C$1:$C$1000,MATCH(1,INDEX(('Kalem Kataloğu'!$A$1:$A$1000=A36)*('Kalem Kataloğu'!$B$1:$B$1000=E36),0),0)),"?") | G36: =IFERROR(INDEX('Kalem Kataloğu'!$D$1:$D$1000,MATCH(1,INDEX(('Kalem Kataloğu'!$A$1:$A$1000=A36)*('Kalem Kataloğu'!$B$1:$B$1000=E36),0),0)),"?") | I36: Hayır | J36: Drive foto (Tem. 2024) | K36: Odalarda 1-3 adet; tip bazında sayılmalı. [güven: orta]
A37: Tare Houses Hotel | B37: X1 | D37: =IFERROR(INDEX('Kontrol Adımları'!$D:$D,MATCH(1,INDEX(('Kontrol Adımları'!$A$1:$A$400=B37)*('Kontrol Adımları'!$B$1:$B$400=C37),0),0)),"") | E37: round_rug_woven | F37: =IFERROR(INDEX('Kalem Kataloğu'!$C$1:$C$1000,MATCH(1,INDEX(('Kalem Kataloğu'!$A$1:$A$1000=A37)*('Kalem Kataloğu'!$B$1:$B$1000=E37),0),0)),"?") | G37: =IFERROR(INDEX('Kalem Kataloğu'!$D$1:$D$1000,MATCH(1,INDEX(('Kalem Kataloğu'!$A$1:$A$1000=A37)*('Kalem Kataloğu'!$B$1:$B$1000=E37),0),0)),"?") | I37: Hayır | J37: Drive foto (Tem. 2024) | K37: [güven: yüksek]
A38: Tare Houses Hotel | B38: X1 | D38: =IFERROR(INDEX('Kontrol Adımları'!$D:$D,MATCH(1,INDEX(('Kontrol Adımları'!$A$1:$A$400=B38)*('Kontrol Adımları'!$B$1:$B$400=C38),0),0)),"") | E38: round_table | F38: =IFERROR(INDEX('Kalem Kataloğu'!$C$1:$C$1000,MATCH(1,INDEX(('Kalem Kataloğu'!$A$1:$A$1000=A38)*('Kalem Kataloğu'!$B$1:$B$1000=E38),0),0)),"?") | G38: =IFERROR(INDEX('Kalem Kataloğu'!$D$1:$D$1000,MATCH(1,INDEX(('Kalem Kataloğu'!$A$1:$A$1000=A38)*('Kalem Kataloğu'!$B$1:$B$1000=E38),0),0)),"?") | I38: Hayır | J38: Drive foto (Tem. 2024) | K38: X1'de yuvarlak masa yerine çalışma masası var. [güven: yüksek]
A39: Tare Houses Hotel | B39: X1 | D39: =IFERROR(INDEX('Kontrol Adımları'!$D:$D,MATCH(1,INDEX(('Kontrol Adımları'!$A$1:$A$400=B39)*('Kontrol Adımları'!$B$1:$B$400=C39),0),0)),"") | E39: round_bed | F39: =IFERROR(INDEX('Kalem Kataloğu'!$C$1:$C$1000,MATCH(1,INDEX(('Kalem Kataloğu'!$A$1:$A$1000=A39)*('Kalem Kataloğu'!$B$1:$B$1000=E39),0),0)),"?") | G39: =IFERROR(INDEX('Kalem Kataloğu'!$D$1:$D$1000,MATCH(1,INDEX(('Kalem Kataloğu'!$A$1:$A$1000=A39)*('Kalem Kataloğu'!$B$1:$B$1000=E39),0),0)),"?") | I39: Hayır | J39: Drive foto (Tem. 2024) | K39: Sadece X4 Exclusive Suite. [güven: yüksek]
A40: Tare Houses Hotel | B40: X1 | D40: =IFERROR(INDEX('Kontrol Adımları'!$D:$D,MATCH(1,INDEX(('Kontrol Adımları'!$A$1:$A$400=B40)*('Kontrol Adımları'!$B$1:$B$400=C40),0),0)),"") | E40: desk_with_chair | F40: =IFERROR(INDEX('Kalem Kataloğu'!$C$1:$C$1000,MATCH(1,INDEX(('Kalem Kataloğu'!$A$1:$A$1000=A40)*('Kalem Kataloğu'!$B$1:$B$1000=E40),0),0)),"?") | G40: =IFERROR(INDEX('Kalem Kataloğu'!$D$1:$D$1000,MATCH(1,INDEX(('Kalem Kataloğu'!$A$1:$A$1000=A40)*('Kalem Kataloğu'!$B$1:$B$1000=E40),0),0)),"?") | H40: 1 | I40: Hayır | J40: Drive foto (Tem. 2024) | K40: X1: oturma alanında çalışma masası + berjer. X2: kapı yanında konsol masa. [güven: orta]
A41: Tare Houses Hotel | B41: X1 | D41: =IFERROR(INDEX('Kontrol Adımları'!$D:$D,MATCH(1,INDEX(('Kontrol Adımları'!$A$1:$A$400=B41)*('Kontrol Adımları'!$B$1:$B$400=C41),0),0)),"") | E41: bed | F41: =IFERROR(INDEX('Kalem Kataloğu'!$C$1:$C$1000,MATCH(1,INDEX(('Kalem Kataloğu'!$A$1:$A$1000=A41)*('Kalem Kataloğu'!$B$1:$B$1000=E41),0),0)),"?") | G41: =IFERROR(INDEX('Kalem Kataloğu'!$D$1:$D$1000,MATCH(1,INDEX(('Kalem Kataloğu'!$A$1:$A$1000=A41)*('Kalem Kataloğu'!$B$1:$B$1000=E41),0),0)),"?") | H41: 1 | I41: Hayır | J41: Drive foto (Tem. 2024) | K41: X1 ve X2'de aynı model. X4'te yuvarlak yatak (ayrı kalem). [güven: yüksek]
A42: Tare Houses Hotel | B42: X2 | D42: =IFERROR(INDEX('Kontrol Adımları'!$D:$D,MATCH(1,INDEX(('Kontrol Adımları'!$A$1:$A$400=B42)*('Kontrol Adımları'!$B$1:$B$400=C42),0),0)),"") | E42: cooktop | F42: =IFERROR(INDEX('Kalem Kataloğu'!$C$1:$C$1000,MATCH(1,INDEX(('Kalem Kataloğu'!$A$1:$A$1000=A42)*('Kalem Kataloğu'!$B$1:$B$1000=E42),0),0)),"?") | G42: =IFERROR(INDEX('Kalem Kataloğu'!$D$1:$D$1000,MATCH(1,INDEX(('Kalem Kataloğu'!$A$1:$A$1000=A42)*('Kalem Kataloğu'!$B$1:$B$1000=E42),0),0)),"?") | H42: 1 | I42: Hayır | J42: Drive foto (Tem. 2024) | K42: [güven: yüksek]
A43: Tare Houses Hotel | B43: X2 | D43: =IFERROR(INDEX('Kontrol Adımları'!$D:$D,MATCH(1,INDEX(('Kontrol Adımları'!$A$1:$A$400=B43)*('Kontrol Adımları'!$B$1:$B$400=C43),0),0)),"") | E43: wc | F43: =IFERROR(INDEX('Kalem Kataloğu'!$C$1:$C$1000,MATCH(1,INDEX(('Kalem Kataloğu'!$A$1:$A$1000=A43)*('Kalem Kataloğu'!$B$1:$B$1000=E43),0),0)),"?") | G43: =IFERROR(INDEX('Kalem Kataloğu'!$D$1:$D$1000,MATCH(1,INDEX(('Kalem Kataloğu'!$A$1:$A$1000=A43)*('Kalem Kataloğu'!$B$1:$B$1000=E43),0),0)),"?") | H43: 1 | I43: Hayır | J43: Drive foto (Tem. 2024) | K43: [güven: yüksek]
A44: Tare Houses Hotel | B44: X2 | D44: =IFERROR(INDEX('Kontrol Adımları'!$D:$D,MATCH(1,INDEX(('Kontrol Adımları'!$A$1:$A$400=B44)*('Kontrol Adımları'!$B$1:$B$400=C44),0),0)),"") | E44: hanging_bin | F44: =IFERROR(INDEX('Kalem Kataloğu'!$C$1:$C$1000,MATCH(1,INDEX(('Kalem Kataloğu'!$A$1:$A$1000=A44)*('Kalem Kataloğu'!$B$1:$B$1000=E44),0),0)),"?") | G44: =IFERROR(INDEX('Kalem Kataloğu'!$D$1:$D$1000,MATCH(1,INDEX(('Kalem Kataloğu'!$A$1:$A$1000=A44)*('Kalem Kataloğu'!$B$1:$B$1000=E44),0),0)),"?") | H44: 1 | I44: Hayır | J44: Drive foto (Tem. 2024) | K44: [güven: yüksek]
A45: Tare Houses Hotel | B45: X2 | D45: =IFERROR(INDEX('Kontrol Adımları'!$D:$D,MATCH(1,INDEX(('Kontrol Adımları'!$A$1:$A$400=B45)*('Kontrol Adımları'!$B$1:$B$400=C45),0),0)),"") | E45: bath_bin | F45: =IFERROR(INDEX('Kalem Kataloğu'!$C$1:$C$1000,MATCH(1,INDEX(('Kalem Kataloğu'!$A$1:$A$1000=A45)*('Kalem Kataloğu'!$B$1:$B$1000=E45),0),0)),"?") | G45: =IFERROR(INDEX('Kalem Kataloğu'!$D$1:$D$1000,MATCH(1,INDEX(('Kalem Kataloğu'!$A$1:$A$1000=A45)*('Kalem Kataloğu'!$B$1:$B$1000=E45),0),0)),"?") | H45: 1 | I45: Hayır | J45: Drive foto (Tem. 2024) | K45: Excel X3: banyo çöp kovası 1. [güven: yüksek]
A46: Tare Houses Hotel | B46: X2 | D46: =IFERROR(INDEX('Kontrol Adımları'!$D:$D,MATCH(1,INDEX(('Kontrol Adımları'!$A$1:$A$400=B46)*('Kontrol Adımları'!$B$1:$B$400=C46),0),0)),"") | E46: bedside_wall_lamp | F46: =IFERROR(INDEX('Kalem Kataloğu'!$C$1:$C$1000,MATCH(1,INDEX(('Kalem Kataloğu'!$A$1:$A$1000=A46)*('Kalem Kataloğu'!$B$1:$B$1000=E46),0),0)),"?") | G46: =IFERROR(INDEX('Kalem Kataloğu'!$D$1:$D$1000,MATCH(1,INDEX(('Kalem Kataloğu'!$A$1:$A$1000=A46)*('Kalem Kataloğu'!$B$1:$B$1000=E46),0),0)),"?") | H46: 2 | I46: Hayır | J46: Drive foto (Tem. 2024) | K46: Yatağın iki yanında. [güven: orta]
A47: Tare Houses Hotel | B47: X2 | D47: =IFERROR(INDEX('Kontrol Adımları'!$D:$D,MATCH(1,INDEX(('Kontrol Adımları'!$A$1:$A$400=B47)*('Kontrol Adımları'!$B$1:$B$400=C47),0),0)),"") | E47: range_hood | F47: =IFERROR(INDEX('Kalem Kataloğu'!$C$1:$C$1000,MATCH(1,INDEX(('Kalem Kataloğu'!$A$1:$A$1000=A47)*('Kalem Kataloğu'!$B$1:$B$1000=E47),0),0)),"?") | G47: =IFERROR(INDEX('Kalem Kataloğu'!$D$1:$D$1000,MATCH(1,INDEX(('Kalem Kataloğu'!$A$1:$A$1000=A47)*('Kalem Kataloğu'!$B$1:$B$1000=E47),0),0)),"?") | H47: 1 | I47: Hayır | J47: Drive foto (Tem. 2024) | K47: [güven: orta]
A48: Tare Houses Hotel | B48: X2 | D48: =IFERROR(INDEX('Kontrol Adımları'!$D:$D,MATCH(1,INDEX(('Kontrol Adımları'!$A$1:$A$400=B48)*('Kontrol Adımları'!$B$1:$B$400=C48),0),0)),"") | E48: decor_branches | F48: =IFERROR(INDEX('Kalem Kataloğu'!$C$1:$C$1000,MATCH(1,INDEX(('Kalem Kataloğu'!$A$1:$A$1000=A48)*('Kalem Kataloğu'!$B$1:$B$1000=E48),0),0)),"?") | G48: =IFERROR(INDEX('Kalem Kataloğu'!$D$1:$D$1000,MATCH(1,INDEX(('Kalem Kataloğu'!$A$1:$A$1000=A48)*('Kalem Kataloğu'!$B$1:$B$1000=E48),0),0)),"?") | H48: 1 | I48: Hayır | J48: Drive foto (Tem. 2024) | K48: [güven: orta]
A49: Tare Houses Hotel | B49: X2 | D49: =IFERROR(INDEX('Kontrol Adımları'!$D:$D,MATCH(1,INDEX(('Kontrol Adımları'!$A$1:$A$400=B49)*('Kontrol Adımları'!$B$1:$B$400=C49),0),0)),"") | E49: smoke_detector | F49: =IFERROR(INDEX('Kalem Kataloğu'!$C$1:$C$1000,MATCH(1,INDEX(('Kalem Kataloğu'!$A$1:$A$1000=A49)*('Kalem Kataloğu'!$B$1:$B$1000=E49),0),0)),"?") | G49: =IFERROR(INDEX('Kalem Kataloğu'!$D$1:$D$1000,MATCH(1,INDEX(('Kalem Kataloğu'!$A$1:$A$1000=A49)*('Kalem Kataloğu'!$B$1:$B$1000=E49),0),0)),"?") | H49: 1 | I49: Hayır | J49: Drive foto (Tem. 2024) | K49: [güven: orta]
A50: Tare Houses Hotel | B50: X2 | D50: =IFERROR(INDEX('Kontrol Adımları'!$D:$D,MATCH(1,INDEX(('Kontrol Adımları'!$A$1:$A$400=B50)*('Kontrol Adımları'!$B$1:$B$400=C50),0),0)),"") | E50: dispenser | F50: =IFERROR(INDEX('Kalem Kataloğu'!$C$1:$C$1000,MATCH(1,INDEX(('Kalem Kataloğu'!$A$1:$A$1000=A50)*('Kalem Kataloğu'!$B$1:$B$1000=E50),0),0)),"?") | G50: =IFERROR(INDEX('Kalem Kataloğu'!$D$1:$D$1000,MATCH(1,INDEX(('Kalem Kataloğu'!$A$1:$A$1000=A50)*('Kalem Kataloğu'!$B$1:$B$1000=E50),0),0)),"?") | H50: 1 | I50: Hayır | J50: Drive foto (Tem. 2024) | K50: Excel X3: 3 hazne. [güven: yüksek]
A51: Tare Houses Hotel | B51: X2 | D51: =IFERROR(INDEX('Kontrol Adımları'!$D:$D,MATCH(1,INDEX(('Kontrol Adımları'!$A$1:$A$400=B51)*('Kontrol Adımları'!$B$1:$B$400=C51),0),0)),"") | E51: wardrobe | F51: =IFERROR(INDEX('Kalem Kataloğu'!$C$1:$C$1000,MATCH(1,INDEX(('Kalem Kataloğu'!$A$1:$A$1000=A51)*('Kalem Kataloğu'!$B$1:$B$1000=E51),0),0)),"?") | G51: =IFERROR(INDEX('Kalem Kataloğu'!$D$1:$D$1000,MATCH(1,INDEX(('Kalem Kataloğu'!$A$1:$A$1000=A51)*('Kalem Kataloğu'!$B$1:$B$1000=E51),0),0)),"?") | H51: 1 | I51: Hayır | J51: Drive foto (Tem. 2024) | K51: İçi (askı, battaniye) fotoğrafta görünmüyor. Excel X3: askı 6, yedek battaniye 1. [güven: yüksek]
... A63: Tare Houses Hotel | B63: X2 | D63: =IFERROR(INDEX('Kontrol Adımları'!$D:$D,MATCH(1,INDEX(('Kontrol Adımları'!$A$1:$A$400=B63)*('Kontrol Adımları'!$B$1:$B$400=C63),0),0)),"") | E63: basin_faucet | F63: =IFERROR(INDEX('Kalem Kataloğu'!$C$1:$C$1000,MATCH(1,INDEX(('Kalem Kataloğu'!$A$1:$A$1000=A63)*('Kalem Kataloğu'!$B$1:$B$1000=E63),0),0)),"?") | G63: =IFERROR(INDEX('Kalem Kataloğu'!$D$1:$D$1000,MATCH(1,INDEX(('Kalem Kataloğu'!$A$1:$A$1000=A63)*('Kalem Kataloğu'!$B$1:$B$1000=E63),0),0)),"?") | H63: 1 | I63: Hayır | J63: Drive foto (Tem. 2024) | K63: [güven: yüksek]
A64: Tare Houses Hotel | B64: X2 | D64: =IFERROR(INDEX('Kontrol Adımları'!$D:$D,MATCH(1,INDEX(('Kontrol Adımları'!$A$1:$A$400=B64)*('Kontrol Adımları'!$B$1:$B$400=C64),0),0)),"") | E64: globe_table_lamp | F64: =IFERROR(INDEX('Kalem Kataloğu'!$C$1:$C$1000,MATCH(1,INDEX(('Kalem Kataloğu'!$A$1:$A$1000=A64)*('Kalem Kataloğu'!$B$1:$B$1000=E64),0),0)),"?") | G64: =IFERROR(INDEX('Kalem Kataloğu'!$D$1:$D$1000,MATCH(1,INDEX(('Kalem Kataloğu'!$A$1:$A$1000=A64)*('Kalem Kataloğu'!$B$1:$B$1000=E64),0),0)),"?") | I64: Hayır | J64: Drive foto (Tem. 2024) | K64: X4 yatak başlığı tablalarında 2 adet. [güven: yüksek]
A65: Tare Houses Hotel | B65: X2 | D65: =IFERROR(INDEX('Kontrol Adımları'!$D:$D,MATCH(1,INDEX(('Kontrol Adımları'!$A$1:$A$400=B65)*('Kontrol Adımları'!$B$1:$B$400=C65),0),0)),"") | E65: mini_fridge | F65: =IFERROR(INDEX('Kalem Kataloğu'!$C$1:$C$1000,MATCH(1,INDEX(('Kalem Kataloğu'!$A$1:$A$1000=A65)*('Kalem Kataloğu'!$B$1:$B$1000=E65),0),0)),"?") | G65: =IFERROR(INDEX('Kalem Kataloğu'!$D$1:$D$1000,MATCH(1,INDEX(('Kalem Kataloğu'!$A$1:$A$1000=A65)*('Kalem Kataloğu'!$B$1:$B$1000=E65),0),0)),"?") | H65: 1 | I65: Hayır | J65: Drive foto (Tem. 2024) | K65: [güven: yüksek]
A66: Tare Houses Hotel | B66: X2 | D66: =IFERROR(INDEX('Kontrol Adımları'!$D:$D,MATCH(1,INDEX(('Kontrol Adımları'!$A$1:$A$400=B66)*('Kontrol Adımları'!$B$1:$B$400=C66),0),0)),"") | E66: coffee_table_glass | F66: =IFERROR(INDEX('Kalem Kataloğu'!$C$1:$C$1000,MATCH(1,INDEX(('Kalem Kataloğu'!$A$1:$A$1000=A66)*('Kalem Kataloğu'!$B$1:$B$1000=E66),0),0)),"?") | G66: =IFERROR(INDEX('Kalem Kataloğu'!$D$1:$D$1000,MATCH(1,INDEX(('Kalem Kataloğu'!$A$1:$A$1000=A66)*('Kalem Kataloğu'!$B$1:$B$1000=E66),0),0)),"?") | H66: 1 | I66: Hayır | J66: Drive foto (Tem. 2024) | K66: [güven: yüksek]
A67: Tare Houses Hotel | B67: X2 | D67: =IFERROR(INDEX('Kontrol Adımları'!$D:$D,MATCH(1,INDEX(('Kontrol Adımları'!$A$1:$A$400=B67)*('Kontrol Adımları'!$B$1:$B$400=C67),0),0)),"") | E67: pendant_lamp | F67: =IFERROR(INDEX('Kalem Kataloğu'!$C$1:$C$1000,MATCH(1,INDEX(('Kalem Kataloğu'!$A$1:$A$1000=A67)*('Kalem Kataloğu'!$B$1:$B$1000=E67),0),0)),"?") | G67: =IFERROR(INDEX('Kalem Kataloğu'!$D$1:$D$1000,MATCH(1,INDEX(('Kalem Kataloğu'!$A$1:$A$1000=A67)*('Kalem Kataloğu'!$B$1:$B$1000=E67),0),0)),"?") | I67: Hayır | J67: Drive foto (Tem. 2024) | K67: [güven: yüksek]
A68: Tare Houses Hotel | B68: X2 | D68: =IFERROR(INDEX('Kontrol Adımları'!$D:$D,MATCH(1,INDEX(('Kontrol Adımları'!$A$1:$A$400=B68)*('Kontrol Adımları'!$B$1:$B$400=C68),0),0)),"") | E68: tv | F68: =IFERROR(INDEX('Kalem Kataloğu'!$C$1:$C$1000,MATCH(1,INDEX(('Kalem Kataloğu'!$A$1:$A$1000=A68)*('Kalem Kataloğu'!$B$1:$B$1000=E68),0),0)),"?") | G68: =IFERROR(INDEX('Kalem Kataloğu'!$D$1:$D$1000,MATCH(1,INDEX(('Kalem Kataloğu'!$A$1:$A$1000=A68)*('Kalem Kataloğu'!$B$1:$B$1000=E68),0),0)),"?") | H68: 1 | I68: Hayır | J68: Drive foto (Tem. 2024) | K68: X1'de yatak odasında 1 + oturma alanı/koridor duvarında 1 görünüyor; teyit et. Excel X3: 1. [güven: orta]
A69: Tare Houses Hotel | B69: X2 | D69: =IFERROR(INDEX('Kontrol Adımları'!$D:$D,MATCH(1,INDEX(('Kontrol Adımları'!$A$1:$A$400=B69)*('Kontrol Adımları'!$B$1:$B$400=C69),0),0)),"") | E69: wall_art | F69: =IFERROR(INDEX('Kalem Kataloğu'!$C$1:$C$1000,MATCH(1,INDEX(('Kalem Kataloğu'!$A$1:$A$1000=A69)*('Kalem Kataloğu'!$B$1:$B$1000=E69),0),0)),"?") | G69: =IFERROR(INDEX('Kalem Kataloğu'!$D$1:$D$1000,MATCH(1,INDEX(('Kalem Kataloğu'!$A$1:$A$1000=A69)*('Kalem Kataloğu'!$B$1:$B$1000=E69),0),0)),"?") | H69: 1 | I69: Hayır | J69: Drive foto (Tem. 2024) | K69: X1: oturma alanı + yatak odası 2 adet. [güven: yüksek]
A70: Tare Houses Hotel | B70: X2 | D70: =IFERROR(INDEX('Kontrol Adımları'!$D:$D,MATCH(1,INDEX(('Kontrol Adımları'!$A$1:$A$400=B70)*('Kontrol Adımları'!$B$1:$B$400=C70),0),0)),"") | E70: shower_set | F70: =IFERROR(INDEX('Kalem Kataloğu'!$C$1:$C$1000,MATCH(1,INDEX(('Kalem Kataloğu'!$A$1:$A$1000=A70)*('Kalem Kataloğu'!$B$1:$B$1000=E70),0),0)),"?") | G70: =IFERROR(INDEX('Kalem Kataloğu'!$D$1:$D$1000,MATCH(1,INDEX(('Kalem Kataloğu'!$A$1:$A$1000=A70)*('Kalem Kataloğu'!$B$1:$B$1000=E70),0),0)),"?") | H70: 1 | I70: Hayır | J70: Drive foto (Tem. 2024) | K70: [güven: yüksek]
A71: Tare Houses Hotel | B71: X2 | D71: =IFERROR(INDEX('Kontrol Adımları'!$D:$D,MATCH(1,INDEX(('Kontrol Adımları'!$A$1:$A$400=B71)*('Kontrol Adımları'!$B$1:$B$400=C71),0),0)),"") | E71: vessel_sink | F71: =IFERROR(INDEX('Kalem Kataloğu'!$C$1:$C$1000,MATCH(1,INDEX(('Kalem Kataloğu'!$A$1:$A$1000=A71)*('Kalem Kataloğu'!$B$1:$B$1000=E71),0),0)),"?") | G71: =IFERROR(INDEX('Kalem Kataloğu'!$D$1:$D$1000,MATCH(1,INDEX(('Kalem Kataloğu'!$A$1:$A$1000=A71)*('Kalem Kataloğu'!$B$1:$B$1000=E71),0),0)),"?") | H71: 1 | I71: Hayır | J71: Drive foto (Tem. 2024) | K71: [güven: yüksek]
A72: Tare Houses Hotel | B72: X2 | D72: =IFERROR(INDEX('Kontrol Adımları'!$D:$D,MATCH(1,INDEX(('Kontrol Adımları'!$A$1:$A$400=B72)*('Kontrol Adımları'!$B$1:$B$400=C72),0),0)),"") | E72: toilet_paper_holder | F72: =IFERROR(INDEX('Kalem Kataloğu'!$C$1:$C$1000,MATCH(1,INDEX(('Kalem Kataloğu'!$A$1:$A$1000=A72)*('Kalem Kataloğu'!$B$1:$B$1000=E72),0),0)),"?") | G72: =IFERROR(INDEX('Kalem Kataloğu'!$D$1:$D$1000,MATCH(1,INDEX(('Kalem Kataloğu'!$A$1:$A$1000=A72)*('Kalem Kataloğu'!$B$1:$B$1000=E72),0),0)),"?") | H72: 1 | I72: Hayır | J72: Drive foto (Tem. 2024) | K72: [güven: orta]
A73: Tare Houses Hotel | B73: X2 | D73: =IFERROR(INDEX('Kontrol Adımları'!$D:$D,MATCH(1,INDEX(('Kontrol Adımları'!$A$1:$A$400=B73)*('Kontrol Adımları'!$B$1:$B$400=C73),0),0)),"") | E73: toilet_brush | F73: =IFERROR(INDEX('Kalem Kataloğu'!$C$1:$C$1000,MATCH(1,INDEX(('Kalem Kataloğu'!$A$1:$A$1000=A73)*('Kalem Kataloğu'!$B$1:$B$1000=E73),0),0)),"?") | G73: =IFERROR(INDEX('Kalem Kataloğu'!$D$1:$D$1000,MATCH(1,INDEX(('Kalem Kataloğu'!$A$1:$A$1000=A73)*('Kalem Kataloğu'!$B$1:$B$1000=E73),0),0)),"?") | H73: 1 | I73: Hayır | J73: Drive foto (Tem. 2024) | K73: Fotoğrafta küçük görünüyor; kırpılmadı. [güven: orta]
A74: Tare Houses Hotel | B74: X2 | D74: =IFERROR(INDEX('Kontrol Adımları'!$D:$D,MATCH(1,INDEX(('Kontrol Adımları'!$A$1:$A$400=B74)*('Kontrol Adımları'!$B$1:$B$400=C74),0),0)),"") | E74: pillow | F74: =IFERROR(INDEX('Kalem Kataloğu'!$C$1:$C$1000,MATCH(1,INDEX(('Kalem Kataloğu'!$A$1:$A$1000=A74)*('Kalem Kataloğu'!$B$1:$B$1000=E74),0),0)),"?") | G74: =IFERROR(INDEX('Kalem Kataloğu'!$D$1:$D$1000,MATCH(1,INDEX(('Kalem Kataloğu'!$A$1:$A$1000=A74)*('Kalem Kataloğu'!$B$1:$B$1000=E74),0),0)),"?") | H74: 4 | I74: Hayır | J74: Drive foto (Tem. 2024) | K74: Yatakta 2 arka + 2 ön. Excel X3: 4 (doğrulanmadı). [güven: orta]
A75: Tare Houses Hotel | B75: X2 | D75: =IFERROR(INDEX('Kontrol Adımları'!$D:$D,MATCH(1,INDEX(('Kontrol Adımları'!$A$1:$A$400=B75)*('Kontrol Adımları'!$B$1:$B$400=C75),0),0)),"") | E75: led_mirror | F75: =IFERROR(INDEX('Kalem Kataloğu'!$C$1:$C$1000,MATCH(1,INDEX(('Kalem Kataloğu'!$A$1:$A$1000=A75)*('Kalem Kataloğu'!$B$1:$B$1000=E75),0),0)),"?") | G75: =IFERROR(INDEX('Kalem Kataloğu'!$D$1:$D$1000,MATCH(1,INDEX(('Kalem Kataloğu'!$A$1:$A$1000=A75)*('Kalem Kataloğu'!$B$1:$B$1000=E75),0),0)),"?") | H75: 1 | I75: Hayır | J75: Drive foto (Tem. 2024) | K75: [güven: yüksek]
A76: Tare Houses Hotel | B76: X2 | D76: =IFERROR(INDEX('Kontrol Adımları'!$D:$D,MATCH(1,INDEX(('Kontrol Adımları'!$A$1:$A$400=B76)*('Kontrol Adımları'!$B$1:$B$400=C76),0),0)),"") | E76: round_wall_lamp | F76: =IFERROR(INDEX('Kalem Kataloğu'!$C$1:$C$1000,MATCH(1,INDEX(('Kalem Kataloğu'!$A$1:$A$1000=A76)*('Kalem Kataloğu'!$B$1:$B$1000=E76),0),0)),"?") | G76: =IFERROR(INDEX('Kalem Kataloğu'!$D$1:$D$1000,MATCH(1,INDEX(('Kalem Kataloğu'!$A$1:$A$1000=A76)*('Kalem Kataloğu'!$B$1:$B$1000=E76),0),0)),"?") | I76: Hayır | J76: Drive foto (Tem. 2024) | K76: Odalarda 1-3 adet; tip bazında sayılmalı. [güven: orta]
A77: Tare Houses Hotel | B77: X2 | D77: =IFERROR(INDEX('Kontrol Adımları'!$D:$D,MATCH(1,INDEX(('Kontrol Adımları'!$A$1:$A$400=B77)*('Kontrol Adımları'!$B$1:$B$400=C77),0),0)),"") | E77: round_rug_woven | F77: =IFERROR(INDEX('Kalem Kataloğu'!$C$1:$C$1000,MATCH(1,INDEX(('Kalem Kataloğu'!$A$1:$A$1000=A77)*('Kalem Kataloğu'!$B$1:$B$1000=E77),0),0)),"?") | G77: =IFERROR(INDEX('Kalem Kataloğu'!$D$1:$D$1000,MATCH(1,INDEX(('Kalem Kataloğu'!$A$1:$A$1000=A77)*('Kalem Kataloğu'!$B$1:$B$1000=E77),0),0)),"?") | I77: Hayır | J77: Drive foto (Tem. 2024) | K77: [güven: yüksek]
A78: Tare Houses Hotel | B78: X2 | D78: =IFERROR(INDEX('Kontrol Adımları'!$D:$D,MATCH(1,INDEX(('Kontrol Adımları'!$A$1:$A$400=B78)*('Kontrol Adımları'!$B$1:$B$400=C78),0),0)),"") | E78: round_table | F78: =IFERROR(INDEX('Kalem Kataloğu'!$C$1:$C$1000,MATCH(1,INDEX(('Kalem Kataloğu'!$A$1:$A$1000=A78)*('Kalem Kataloğu'!$B$1:$B$1000=E78),0),0)),"?") | G78: =IFERROR(INDEX('Kalem Kataloğu'!$D$1:$D$1000,MATCH(1,INDEX(('Kalem Kataloğu'!$A$1:$A$1000=A78)*('Kalem Kataloğu'!$B$1:$B$1000=E78),0),0)),"?") | H78: 1 | I78: Hayır | J78: Drive foto (Tem. 2024) | K78: X1'de yuvarlak masa yerine çalışma masası var. [güven: yüksek]
A79: Tare Houses Hotel | B79: X2 | D79: =IFERROR(INDEX('Kontrol Adımları'!$D:$D,MATCH(1,INDEX(('Kontrol Adımları'!$A$1:$A$400=B79)*('Kontrol Adımları'!$B$1:$B$400=C79),0),0)),"") | E79: round_bed | F79: =IFERROR(INDEX('Kalem Kataloğu'!$C$1:$C$1000,MATCH(1,INDEX(('Kalem Kataloğu'!$A$1:$A$1000=A79)*('Kalem Kataloğu'!$B$1:$B$1000=E79),0),0)),"?") | G79: =IFERROR(INDEX('Kalem Kataloğu'!$D$1:$D$1000,MATCH(1,INDEX(('Kalem Kataloğu'!$A$1:$A$1000=A79)*('Kalem Kataloğu'!$B$1:$B$1000=E79),0),0)),"?") | I79: Hayır | J79: Drive foto (Tem. 2024) | K79: Sadece X4 Exclusive Suite. [güven: yüksek]
A80: Tare Houses Hotel | B80: X2 | D80: =IFERROR(INDEX('Kontrol Adımları'!$D:$D,MATCH(1,INDEX(('Kontrol Adımları'!$A$1:$A$400=B80)*('Kontrol Adımları'!$B$1:$B$400=C80),0),0)),"") | E80: desk_with_chair | F80: =IFERROR(INDEX('Kalem Kataloğu'!$C$1:$C$1000,MATCH(1,INDEX(('Kalem Kataloğu'!$A$1:$A$1000=A80)*('Kalem Kataloğu'!$B$1:$B$1000=E80),0),0)),"?") | G80: =IFERROR(INDEX('Kalem Kataloğu'!$D$1:$D$1000,MATCH(1,INDEX(('Kalem Kataloğu'!$A$1:$A$1000=A80)*('Kalem Kataloğu'!$B$1:$B$1000=E80),0),0)),"?") | H80: 1 | I80: Hayır | J80: Drive foto (Tem. 2024) | K80: X1: oturma alanında çalışma masası + berjer. X2: kapı yanında konsol masa. [güven: orta]
A81: Tare Houses Hotel | B81: X2 | D81: =IFERROR(INDEX('Kontrol Adımları'!$D:$D,MATCH(1,INDEX(('Kontrol Adımları'!$A$1:$A$400=B81)*('Kontrol Adımları'!$B$1:$B$400=C81),0),0)),"") | E81: bed | F81: =IFERROR(INDEX('Kalem Kataloğu'!$C$1:$C$1000,MATCH(1,INDEX(('Kalem Kataloğu'!$A$1:$A$1000=A81)*('Kalem Kataloğu'!$B$1:$B$1000=E81),0),0)),"?") | G81: =IFERROR(INDEX('Kalem Kataloğu'!$D$1:$D$1000,MATCH(1,INDEX(('Kalem Kataloğu'!$A$1:$A$1000=A81)*('Kalem Kataloğu'!$B$1:$B$1000=E81),0),0)),"?") | H81: 1 | I81: Hayır | J81: Drive foto (Tem. 2024) | K81: X1 ve X2'de aynı model. X4'te yuvarlak yatak (ayrı kalem). [güven: yüksek]
A82: Tare Houses Hotel | B82: X3 | C82: 2 | D82: =IFERROR(INDEX('Kontrol Adımları'!$D:$D,MATCH(1,INDEX(('Kontrol Adımları'!$A$1:$A$400=B82)*('Kontrol Adımları'!$B$1:$B$400=C82),0),0)),"") | E82: bath_towel | F82: =IFERROR(INDEX('Kalem Kataloğu'!$C$1:$C$1000,MATCH(1,INDEX(('Kalem Kataloğu'!$A$1:$A$1000=A82)*('Kalem Kataloğu'!$B$1:$B$1000=E82),0),0)),"?") | G82: =IFERROR(INDEX('Kalem Kataloğu'!$D$1:$D$1000,MATCH(1,INDEX(('Kalem Kataloğu'!$A$1:$A$1000=A82)*('Kalem Kataloğu'!$B$1:$B$1000=E82),0),0)),"?") | H82: 2 | I82: Hayır | J82: Video 18.10.2026
A83: Tare Houses Hotel | B83: X3 | C83: 2 | D83: =IFERROR(INDEX('Kontrol Adımları'!$D:$D,MATCH(1,INDEX(('Kontrol Adımları'!$A$1:$A$400=B83)*('Kontrol Adımları'!$B$1:$B$400=C83),0),0)),"") | E83: hand_towel | F83: =IFERROR(INDEX('Kalem Kataloğu'!$C$1:$C$1000,MATCH(1,INDEX(('Kalem Kataloğu'!$A$1:$A$1000=A83)*('Kalem Kataloğu'!$B$1:$B$1000=E83),0),0)),"?") | G83: =IFERROR(INDEX('Kalem Kataloğu'!$D$1:$D$1000,MATCH(1,INDEX(('Kalem Kataloğu'!$A$1:$A$1000=A83)*('Kalem Kataloğu'!$B$1:$B$1000=E83),0),0)),"?") | H83: 1 | I83: Evet | J83: Video 18.10.2026
A84: Tare Houses Hotel | B84: X3 | C84: 2 | D84: =IFERROR(INDEX('Kontrol Adımları'!$D:$D,MATCH(1,INDEX(('Kontrol Adımları'!$A$1:$A$400=B84)*('Kontrol Adımları'!$B$1:$B$400=C84),0),0)),"") | E84: liquid_soap | F84: =IFERROR(INDEX('Kalem Kataloğu'!$C$1:$C$1000,MATCH(1,INDEX(('Kalem Kataloğu'!$A$1:$A$1000=A84)*('Kalem Kataloğu'!$B$1:$B$1000=E84),0),0)),"?") | G84: =IFERROR(INDEX('Kalem Kataloğu'!$D$1:$D$1000,MATCH(1,INDEX(('Kalem Kataloğu'!$A$1:$A$1000=A84)*('Kalem Kataloğu'!$B$1:$B$1000=E84),0),0)),"?") | H84: 1 | I84: Evet | J84: Video 18.10.2026
A85: Tare Houses Hotel | B85: X3 | C85: 3 | D85: =IFERROR(INDEX('Kontrol Adımları'!$D:$D,MATCH(1,INDEX(('Kontrol Adımları'!$A$1:$A$400=B85)*('Kontrol Adımları'!$B$1:$B$400=C85),0),0)),"") | E85: bath_bin | F85: =IFERROR(INDEX('Kalem Kataloğu'!$C$1:$C$1000,MATCH(1,INDEX(('Kalem Kataloğu'!$A$1:$A$1000=A85)*('Kalem Kataloğu'!$B$1:$B$1000=E85),0),0)),"?") | G85: =IFERROR(INDEX('Kalem Kataloğu'!$D$1:$D$1000,MATCH(1,INDEX(('Kalem Kataloğu'!$A$1:$A$1000=A85)*('Kalem Kataloğu'!$B$1:$B$1000=E85),0),0)),"?") | H85: 1 | I85: Evet | J85: Video 18.10.2026
A86: Tare Houses Hotel | B86: X3 | C86: 3 | D86: =IFERROR(INDEX('Kontrol Adımları'!$D:$D,MATCH(1,INDEX(('Kontrol Adımları'!$A$1:$A$400=B86)*('Kontrol Adımları'!$B$1:$B$400=C86),0),0)),"") | E86: toilet_paper | F86: =IFERROR(INDEX('Kalem Kataloğu'!$C$1:$C$1000,MATCH(1,INDEX(('Kalem Kataloğu'!$A$1:$A$1000=A86)*('Kalem Kataloğu'!$B$1:$B$1000=E86),0),0)),"?") | G86: =IFERROR(INDEX('Kalem Kataloğu'!$D$1:$D$1000,MATCH(1,INDEX(('Kalem Kataloğu'!$A$1:$A$1000=A86)*('Kalem Kataloğu'!$B$1:$B$1000=E86),0),0)),"?") | H86: 1 | I86: Evet | J86: Video 18.10.2026
A87: Tare Houses Hotel | B87: X3 | C87: 3 | D87: =IFERROR(INDEX('Kontrol Adımları'!$D:$D,MATCH(1,INDEX(('Kontrol Adımları'!$A$1:$A$400=B87)*('Kontrol Adımları'!$B$1:$B$400=C87),0),0)),"") | E87: toilet_brush | F87: =IFERROR(INDEX('Kalem Kataloğu'!$C$1:$C$1000,MATCH(1,INDEX(('Kalem Kataloğu'!$A$1:$A$1000=A87)*('Kalem Kataloğu'!$B$1:$B$1000=E87),0),0)),"?") | G87: =IFERROR(INDEX('Kalem Kataloğu'!$D$1:$D$1000,MATCH(1,INDEX(('Kalem Kataloğu'!$A$1:$A$1000=A87)*('Kalem Kataloğu'!$B$1:$B$1000=E87),0),0)),"?") | H87: 1 | I87: Evet | J87: Video 18.10.2026
A88: Tare Houses Hotel | B88: X3 | C88: 3 | D88: =IFERROR(INDEX('Kontrol Adımları'!$D:$D,MATCH(1,INDEX(('Kontrol Adımları'!$A$1:$A$400=B88)*('Kontrol Adımları'!$B$1:$B$400=C88),0),0)),"") | E88: toilet_paper_spare | F88: =IFERROR(INDEX('Kalem Kataloğu'!$C$1:$C$1000,MATCH(1,INDEX(('Kalem Kataloğu'!$A$1:$A$1000=A88)*('Kalem Kataloğu'!$B$1:$B$1000=E88),0),0)),"?") | G88: =IFERROR(INDEX('Kalem Kataloğu'!$D$1:$D$1000,MATCH(1,INDEX(('Kalem Kataloğu'!$A$1:$A$1000=A88)*('Kalem Kataloğu'!$B$1:$B$1000=E88),0),0)),"?") | H88: 1 | I88: Hayır | J88: Video 18.10.2026
A89: Tare Houses Hotel | B89: X3 | C89: 4 | D89: =IFERROR(INDEX('Kontrol Adımları'!$D:$D,MATCH(1,INDEX(('Kontrol Adımları'!$A$1:$A$400=B89)*('Kontrol Adımları'!$B$1:$B$400=C89),0),0)),"") | E89: dispenser | F89: =IFERROR(INDEX('Kalem Kataloğu'!$C$1:$C$1000,MATCH(1,INDEX(('Kalem Kataloğu'!$A$1:$A$1000=A89)*('Kalem Kataloğu'!$B$1:$B$1000=E89),0),0)),"?") | G89: =IFERROR(INDEX('Kalem Kataloğu'!$D$1:$D$1000,MATCH(1,INDEX(('Kalem Kataloğu'!$A$1:$A$1000=A89)*('Kalem Kataloğu'!$B$1:$B$1000=E89),0),0)),"?") | H89: 3 | I89: Evet | J89: Video 18.10.2026
A90: Tare Houses Hotel | B90: X3 | C90: 4 | D90: =IFERROR(INDEX('Kontrol Adımları'!$D:$D,MATCH(1,INDEX(('Kontrol Adımları'!$A$1:$A$400=B90)*('Kontrol Adımları'!$B$1:$B$400=C90),0),0)),"") | E90: shower_basket | F90: =IFERROR(INDEX('Kalem Kataloğu'!$C$1:$C$1000,MATCH(1,INDEX(('Kalem Kataloğu'!$A$1:$A$1000=A90)*('Kalem Kataloğu'!$B$1:$B$1000=E90),0),0)),"?") | G90: =IFERROR(INDEX('Kalem Kataloğu'!$D$1:$D$1000,MATCH(1,INDEX(('Kalem Kataloğu'!$A$1:$A$1000=A90)*('Kalem Kataloğu'!$B$1:$B$1000=E90),0),0)),"?") | H90: 1 | I90: Evet | J90: Video 18.10.2026
A91: Tare Houses Hotel | B91: X3 | C91: 5 | D91: =IFERROR(INDEX('Kontrol Adımları'!$D:$D,MATCH(1,INDEX(('Kontrol Adımları'!$A$1:$A$400=B91)*('Kontrol Adımları'!$B$1:$B$400=C91),0),0)),"") | E91: wardrobe_box | F91: =IFERROR(INDEX('Kalem Kataloğu'!$C$1:$C$1000,MATCH(1,INDEX(('Kalem Kataloğu'!$A$1:$A$1000=A91)*('Kalem Kataloğu'!$B$1:$B$1000=E91),0),0)),"?") | G91: =IFERROR(INDEX('Kalem Kataloğu'!$D$1:$D$1000,MATCH(1,INDEX(('Kalem Kataloğu'!$A$1:$A$1000=A91)*('Kalem Kataloğu'!$B$1:$B$1000=E91),0),0)),"?") | H91: 1 | I91: Hayır | J91: Video 18.10.2026
A92: Tare Houses Hotel | B92: X3 | C92: 5 | D92: =IFERROR(INDEX('Kontrol Adımları'!$D:$D,MATCH(1,INDEX(('Kontrol Adımları'!$A$1:$A$400=B92)*('Kontrol Adımları'!$B$1:$B$400=C92),0),0)),"") | E92: hanger | F92: =IFERROR(INDEX('Kalem Kataloğu'!$C$1:$C$1000,MATCH(1,INDEX(('Kalem Kataloğu'!$A$1:$A$1000=A92)*('Kalem Kataloğu'!$B$1:$B$1000=E92),0),0)),"?") | G92: =IFERROR(INDEX('Kalem Kataloğu'!$D$1:$D$1000,MATCH(1,INDEX(('Kalem Kataloğu'!$A$1:$A$1000=A92)*('Kalem Kataloğu'!$B$1:$B$1000=E92),0),0)),"?") | H92: 6 | I92: Hayır | J92: Video 18.10.2026
A93: Tare Houses Hotel | B93: X3 | C93: 5 | D93: =IFERROR(INDEX('Kontrol Adımları'!$D:$D,MATCH(1,INDEX(('Kontrol Adımları'!$A$1:$A$400=B93)*('Kontrol Adımları'!$B$1:$B$400=C93),0),0)),"") | E93: spare_blanket | F93: =IFERROR(INDEX('Kalem Kataloğu'!$C$1:$C$1000,MATCH(1,INDEX(('Kalem Kataloğu'!$A$1:$A$1000=A93)*('Kalem Kataloğu'!$B$1:$B$1000=E93),0),0)),"?") | G93: =IFERROR(INDEX('Kalem Kataloğu'!$D$1:$D$1000,MATCH(1,INDEX(('Kalem Kataloğu'!$A$1:$A$1000=A93)*('Kalem Kataloğu'!$B$1:$B$1000=E93),0),0)),"?") | H93: 1 | I93: Hayır | J93: Video 18.10.2026
... A102: Tare Houses Hotel | B102: X3 | C102: 17 | D102: =IFERROR(INDEX('Kontrol Adımları'!$D:$D,MATCH(1,INDEX(('Kontrol Adımları'!$A$1:$A$400=B102)*('Kontrol Adımları'!$B$1:$B$400=C102),0),0)),"") | E102: room_bin | F102: =IFERROR(INDEX('Kalem Kataloğu'!$C$1:$C$1000,MATCH(1,INDEX(('Kalem Kataloğu'!$A$1:$A$1000=A102)*('Kalem Kataloğu'!$B$1:$B$1000=E102),0),0)),"?") | G102: =IFERROR(INDEX('Kalem Kataloğu'!$D$1:$D$1000,MATCH(1,INDEX(('Kalem Kataloğu'!$A$1:$A$1000=A102)*('Kalem Kataloğu'!$B$1:$B$1000=E102),0),0)),"?") | H102: 1 | I102: Evet | J102: Video 18.10.2026
A103: Tare Houses Hotel | B103: X3 | D103: =IFERROR(INDEX('Kontrol Adımları'!$D:$D,MATCH(1,INDEX(('Kontrol Adımları'!$A$1:$A$400=B103)*('Kontrol Adımları'!$B$1:$B$400=C103),0),0)),"") | E103: cooktop | F103: =IFERROR(INDEX('Kalem Kataloğu'!$C$1:$C$1000,MATCH(1,INDEX(('Kalem Kataloğu'!$A$1:$A$1000=A103)*('Kalem Kataloğu'!$B$1:$B$1000=E103),0),0)),"?") | G103: =IFERROR(INDEX('Kalem Kataloğu'!$D$1:$D$1000,MATCH(1,INDEX(('Kalem Kataloğu'!$A$1:$A$1000=A103)*('Kalem Kataloğu'!$B$1:$B$1000=E103),0),0)),"?") | H103: 1 | I103: Hayır | J103: Drive foto (Tem. 2024) | K103: [güven: yüksek]
A104: Tare Houses Hotel | B104: X3 | D104: =IFERROR(INDEX('Kontrol Adımları'!$D:$D,MATCH(1,INDEX(('Kontrol Adımları'!$A$1:$A$400=B104)*('Kontrol Adımları'!$B$1:$B$400=C104),0),0)),"") | E104: wc | F104: =IFERROR(INDEX('Kalem Kataloğu'!$C$1:$C$1000,MATCH(1,INDEX(('Kalem Kataloğu'!$A$1:$A$1000=A104)*('Kalem Kataloğu'!$B$1:$B$1000=E104),0),0)),"?") | G104: =IFERROR(INDEX('Kalem Kataloğu'!$D$1:$D$1000,MATCH(1,INDEX(('Kalem Kataloğu'!$A$1:$A$1000=A104)*('Kalem Kataloğu'!$B$1:$B$1000=E104),0),0)),"?") | H104: 1 | I104: Hayır | J104: Drive foto (Tem. 2024) | K104: [güven: yüksek]
A105: Tare Houses Hotel | B105: X3 | D105: =IFERROR(INDEX('Kontrol Adımları'!$D:$D,MATCH(1,INDEX(('Kontrol Adımları'!$A$1:$A$400=B105)*('Kontrol Adımları'!$B$1:$B$400=C105),0),0)),"") | E105: bedside_wall_lamp | F105: =IFERROR(INDEX('Kalem Kataloğu'!$C$1:$C$1000,MATCH(1,INDEX(('Kalem Kataloğu'!$A$1:$A$1000=A105)*('Kalem Kataloğu'!$B$1:$B$1000=E105),0),0)),"?") | G105: =IFERROR(INDEX('Kalem Kataloğu'!$D$1:$D$1000,MATCH(1,INDEX(('Kalem Kataloğu'!$A$1:$A$1000=A105)*('Kalem Kataloğu'!$B$1:$B$1000=E105),0),0)),"?") | H105: 2 | I105: Hayır | J105: Drive foto (Tem. 2024) | K105: Yatağın iki yanında. [güven: orta]
A106: Tare Houses Hotel | B106: X3 | D106: =IFERROR(INDEX('Kontrol Adımları'!$D:$D,MATCH(1,INDEX(('Kontrol Adımları'!$A$1:$A$400=B106)*('Kontrol Adımları'!$B$1:$B$400=C106),0),0)),"") | E106: range_hood | F106: =IFERROR(INDEX('Kalem Kataloğu'!$C$1:$C$1000,MATCH(1,INDEX(('Kalem Kataloğu'!$A$1:$A$1000=A106)*('Kalem Kataloğu'!$B$1:$B$1000=E106),0),0)),"?") | G106: =IFERROR(INDEX('Kalem Kataloğu'!$D$1:$D$1000,MATCH(1,INDEX(('Kalem Kataloğu'!$A$1:$A$1000=A106)*('Kalem Kataloğu'!$B$1:$B$1000=E106),0),0)),"?") | H106: 1 | I106: Hayır | J106: Drive foto (Tem. 2024) | K106: [güven: orta]
A107: Tare Houses Hotel | B107: X3 | D107: =IFERROR(INDEX('Kontrol Adımları'!$D:$D,MATCH(1,INDEX(('Kontrol Adımları'!$A$1:$A$400=B107)*('Kontrol Adımları'!$B$1:$B$400=C107),0),0)),"") | E107: decor_branches | F107: =IFERROR(INDEX('Kalem Kataloğu'!$C$1:$C$1000,MATCH(1,INDEX(('Kalem Kataloğu'!$A$1:$A$1000=A107)*('Kalem Kataloğu'!$B$1:$B$1000=E107),0),0)),"?") | G107: =IFERROR(INDEX('Kalem Kataloğu'!$D$1:$D$1000,MATCH(1,INDEX(('Kalem Kataloğu'!$A$1:$A$1000=A107)*('Kalem Kataloğu'!$B$1:$B$1000=E107),0),0)),"?") | H107: 1 | I107: Hayır | J107: Drive foto (Tem. 2024) | K107: [güven: orta]
A108: Tare Houses Hotel | B108: X3 | D108: =IFERROR(INDEX('Kontrol Adımları'!$D:$D,MATCH(1,INDEX(('Kontrol Adımları'!$A$1:$A$400=B108)*('Kontrol Adımları'!$B$1:$B$400=C108),0),0)),"") | E108: smoke_detector | F108: =IFERROR(INDEX('Kalem Kataloğu'!$C$1:$C$1000,MATCH(1,INDEX(('Kalem Kataloğu'!$A$1:$A$1000=A108)*('Kalem Kataloğu'!$B$1:$B$1000=E108),0),0)),"?") | G108: =IFERROR(INDEX('Kalem Kataloğu'!$D$1:$D$1000,MATCH(1,INDEX(('Kalem Kataloğu'!$A$1:$A$1000=A108)*('Kalem Kataloğu'!$B$1:$B$1000=E108),0),0)),"?") | H108: 1 | I108: Hayır | J108: Drive foto (Tem. 2024) | K108: [güven: orta]
A109: Tare Houses Hotel | B109: X3 | D109: =IFERROR(INDEX('Kontrol Adımları'!$D:$D,MATCH(1,INDEX(('Kontrol Adımları'!$A$1:$A$400=B109)*('Kontrol Adımları'!$B$1:$B$400=C109),0),0)),"") | E109: wardrobe | F109: =IFERROR(INDEX('Kalem Kataloğu'!$C$1:$C$1000,MATCH(1,INDEX(('Kalem Kataloğu'!$A$1:$A$1000=A109)*('Kalem Kataloğu'!$B$1:$B$1000=E109),0),0)),"?") | G109: =IFERROR(INDEX('Kalem Kataloğu'!$D$1:$D$1000,MATCH(1,INDEX(('Kalem Kataloğu'!$A$1:$A$1000=A109)*('Kalem Kataloğu'!$B$1:$B$1000=E109),0),0)),"?") | H109: 1 | I109: Hayır | J109: Drive foto (Tem. 2024) | K109: İçi (askı, battaniye) fotoğrafta görünmüyor. Excel X3: askı 6, yedek battaniye 1. [güven: yüksek]
A110: Tare Houses Hotel | B110: X3 | D110: =IFERROR(INDEX('Kontrol Adımları'!$D:$D,MATCH(1,INDEX(('Kontrol Adımları'!$A$1:$A$400=B110)*('Kontrol Adımları'!$B$1:$B$400=C110),0),0)),"") | E110: flush_plate | F110: =IFERROR(INDEX('Kalem Kataloğu'!$C$1:$C$1000,MATCH(1,INDEX(('Kalem Kataloğu'!$A$1:$A$1000=A110)*('Kalem Kataloğu'!$B$1:$B$1000=E110),0),0)),"?") | G110: =IFERROR(INDEX('Kalem Kataloğu'!$D$1:$D$1000,MATCH(1,INDEX(('Kalem Kataloğu'!$A$1:$A$1000=A110)*('Kalem Kataloğu'!$B$1:$B$1000=E110),0),0)),"?") | H110: 1 | I110: Hayır | J110: Drive foto (Tem. 2024) | K110: [güven: yüksek]
A111: Tare Houses Hotel | B111: X3 | D111: =IFERROR(INDEX('Kontrol Adımları'!$D:$D,MATCH(1,INDEX(('Kontrol Adımları'!$A$1:$A$400=B111)*('Kontrol Adımları'!$B$1:$B$400=C111),0),0)),"") | E111: rug_striped | F111: =IFERROR(INDEX('Kalem Kataloğu'!$C$1:$C$1000,MATCH(1,INDEX(('Kalem Kataloğu'!$A$1:$A$1000=A111)*('Kalem Kataloğu'!$B$1:$B$1000=E111),0),0)),"?") | G111: =IFERROR(INDEX('Kalem Kataloğu'!$D$1:$D$1000,MATCH(1,INDEX(('Kalem Kataloğu'!$A$1:$A$1000=A111)*('Kalem Kataloğu'!$B$1:$B$1000=E111),0),0)),"?") | I111: Hayır | J111: Drive foto (Tem. 2024) | K111: [güven: orta]
A112: Tare Houses Hotel | B112: X3 | D112: =IFERROR(INDEX('Kontrol Adımları'!$D:$D,MATCH(1,INDEX(('Kontrol Adımları'!$A$1:$A$400=B112)*('Kontrol Adımları'!$B$1:$B$400=C112),0),0)),"") | E112: towel_bar | F112: =IFERROR(INDEX('Kalem Kataloğu'!$C$1:$C$1000,MATCH(1,INDEX(('Kalem Kataloğu'!$A$1:$A$1000=A112)*('Kalem Kataloğu'!$B$1:$B$1000=E112),0),0)),"?") | G112: =IFERROR(INDEX('Kalem Kataloğu'!$D$1:$D$1000,MATCH(1,INDEX(('Kalem Kataloğu'!$A$1:$A$1000=A112)*('Kalem Kataloğu'!$B$1:$B$1000=E112),0),0)),"?") | H112: 1 | I112: Hayır | J112: Drive foto (Tem. 2024) | K112: [güven: orta]
A113: Tare Houses Hotel | B113: X3 | D113: =IFERROR(INDEX('Kontrol Adımları'!$D:$D,MATCH(1,INDEX(('Kontrol Adımları'!$A$1:$A$400=B113)*('Kontrol Adımları'!$B$1:$B$400=C113),0),0)),"") | E113: towel_ring | F113: =IFERROR(INDEX('Kalem Kataloğu'!$C$1:$C$1000,MATCH(1,INDEX(('Kalem Kataloğu'!$A$1:$A$1000=A113)*('Kalem Kataloğu'!$B$1:$B$1000=E113),0),0)),"?") | G113: =IFERROR(INDEX('Kalem Kataloğu'!$D$1:$D$1000,MATCH(1,INDEX(('Kalem Kataloğu'!$A$1:$A$1000=A113)*('Kalem Kataloğu'!$B$1:$B$1000=E113),0),0)),"?") | H113: 1 | I113: Hayır | J113: Drive foto (Tem. 2024) | K113: [güven: orta]
A114: Tare Houses Hotel | B114: X3 | D114: =IFERROR(INDEX('Kontrol Adımları'!$D:$D,MATCH(1,INDEX(('Kontrol Adımları'!$A$1:$A$400=B114)*('Kontrol Adımları'!$B$1:$B$400=C114),0),0)),"") | E114: sofa_gray | F114: =IFERROR(INDEX('Kalem Kataloğu'!$C$1:$C$1000,MATCH(1,INDEX(('Kalem Kataloğu'!$A$1:$A$1000=A114)*('Kalem Kataloğu'!$B$1:$B$1000=E114),0),0)),"?") | G114: =IFERROR(INDEX('Kalem Kataloğu'!$D$1:$D$1000,MATCH(1,INDEX(('Kalem Kataloğu'!$A$1:$A$1000=A114)*('Kalem Kataloğu'!$B$1:$B$1000=E114),0),0)),"?") | I114: Hayır | J114: Drive foto (Tem. 2024) | K114: X1 Deluxe Suite ve X2 Deluxe Triple oturma alanında. Açılır mı teyit et (Triple için 3. kişi yatağı). [güven: yüksek]
A115: Tare Houses Hotel | B115: X3 | D115: =IFERROR(INDEX('Kontrol Adımları'!$D:$D,MATCH(1,INDEX(('Kontrol Adımları'!$A$1:$A$400=B115)*('Kontrol Adımları'!$B$1:$B$400=C115),0),0)),"") | E115: air_conditioner | F115: =IFERROR(INDEX('Kalem Kataloğu'!$C$1:$C$1000,MATCH(1,INDEX(('Kalem Kataloğu'!$A$1:$A$1000=A115)*('Kalem Kataloğu'!$B$1:$B$1000=E115),0),0)),"?") | G115: =IFERROR(INDEX('Kalem Kataloğu'!$D$1:$D$1000,MATCH(1,INDEX(('Kalem Kataloğu'!$A$1:$A$1000=A115)*('Kalem Kataloğu'!$B$1:$B$1000=E115),0),0)),"?") | H115: 1 | I115: Hayır | J115: Drive foto (Tem. 2024) | K115: Kumanda Excel X3'te: TV + klima kumandası 2. [güven: yüksek]
A116: Tare Houses Hotel | B116: X3 | D116: =IFERROR(INDEX('Kontrol Adımları'!$D:$D,MATCH(1,INDEX(('Kontrol Adımları'!$A$1:$A$400=B116)*('Kontrol Adımları'!$B$1:$B$400=C116),0),0)),"") | E116: floor_lamp | F116: =IFERROR(INDEX('Kalem Kataloğu'!$C$1:$C$1000,MATCH(1,INDEX(('Kalem Kataloğu'!$A$1:$A$1000=A116)*('Kalem Kataloğu'!$B$1:$B$1000=E116),0),0)),"?") | G116: =IFERROR(INDEX('Kalem Kataloğu'!$D$1:$D$1000,MATCH(1,INDEX(('Kalem Kataloğu'!$A$1:$A$1000=A116)*('Kalem Kataloğu'!$B$1:$B$1000=E116),0),0)),"?") | I116: Hayır | J116: Drive foto (Tem. 2024) | K116: [güven: yüksek]
A117: Tare Houses Hotel | B117: X3 | D117: =IFERROR(INDEX('Kontrol Adımları'!$D:$D,MATCH(1,INDEX(('Kontrol Adımları'!$A$1:$A$400=B117)*('Kontrol Adımları'!$B$1:$B$400=C117),0),0)),"") | E117: vanity_unit | F117: =IFERROR(INDEX('Kalem Kataloğu'!$C$1:$C$1000,MATCH(1,INDEX(('Kalem Kataloğu'!$A$1:$A$1000=A117)*('Kalem Kataloğu'!$B$1:$B$1000=E117),0),0)),"?") | G117: =IFERROR(INDEX('Kalem Kataloğu'!$D$1:$D$1000,MATCH(1,INDEX(('Kalem Kataloğu'!$A$1:$A$1000=A117)*('Kalem Kataloğu'!$B$1:$B$1000=E117),0),0)),"?") | H117: 1 | I117: Hayır | J117: Drive foto (Tem. 2024) | K117: Excel X3 adım 2: raftaki havlular burada. [güven: yüksek]
A118: Tare Houses Hotel | B118: X3 | D118: =IFERROR(INDEX('Kontrol Adımları'!$D:$D,MATCH(1,INDEX(('Kontrol Adımları'!$A$1:$A$400=B118)*('Kontrol Adımları'!$B$1:$B$400=C118),0),0)),"") | E118: basin_faucet | F118: =IFERROR(INDEX('Kalem Kataloğu'!$C$1:$C$1000,MATCH(1,INDEX(('Kalem Kataloğu'!$A$1:$A$1000=A118)*('Kalem Kataloğu'!$B$1:$B$1000=E118),0),0)),"?") | G118: =IFERROR(INDEX('Kalem Kataloğu'!$D$1:$D$1000,MATCH(1,INDEX(('Kalem Kataloğu'!$A$1:$A$1000=A118)*('Kalem Kataloğu'!$B$1:$B$1000=E118),0),0)),"?") | H118: 1 | I118: Hayır | J118: Drive foto (Tem. 2024) | K118: [güven: yüksek]
A119: Tare Houses Hotel | B119: X3 | D119: =IFERROR(INDEX('Kontrol Adımları'!$D:$D,MATCH(1,INDEX(('Kontrol Adımları'!$A$1:$A$400=B119)*('Kontrol Adımları'!$B$1:$B$400=C119),0),0)),"") | E119: globe_table_lamp | F119: =IFERROR(INDEX('Kalem Kataloğu'!$C$1:$C$1000,MATCH(1,INDEX(('Kalem Kataloğu'!$A$1:$A$1000=A119)*('Kalem Kataloğu'!$B$1:$B$1000=E119),0),0)),"?") | G119: =IFERROR(INDEX('Kalem Kataloğu'!$D$1:$D$1000,MATCH(1,INDEX(('Kalem Kataloğu'!$A$1:$A$1000=A119)*('Kalem Kataloğu'!$B$1:$B$1000=E119),0),0)),"?") | I119: Hayır | J119: Drive foto (Tem. 2024) | K119: X4 yatak başlığı tablalarında 2 adet. [güven: yüksek]
A120: Tare Houses Hotel | B120: X3 | D120: =IFERROR(INDEX('Kontrol Adımları'!$D:$D,MATCH(1,INDEX(('Kontrol Adımları'!$A$1:$A$400=B120)*('Kontrol Adımları'!$B$1:$B$400=C120),0),0)),"") | E120: mini_fridge | F120: =IFERROR(INDEX('Kalem Kataloğu'!$C$1:$C$1000,MATCH(1,INDEX(('Kalem Kataloğu'!$A$1:$A$1000=A120)*('Kalem Kataloğu'!$B$1:$B$1000=E120),0),0)),"?") | G120: =IFERROR(INDEX('Kalem Kataloğu'!$D$1:$D$1000,MATCH(1,INDEX(('Kalem Kataloğu'!$A$1:$A$1000=A120)*('Kalem Kataloğu'!$B$1:$B$1000=E120),0),0)),"?") | H120: 1 | I120: Hayır | J120: Drive foto (Tem. 2024) | K120: [güven: yüksek]
A121: Tare Houses Hotel | B121: X3 | D121: =IFERROR(INDEX('Kontrol Adımları'!$D:$D,MATCH(1,INDEX(('Kontrol Adımları'!$A$1:$A$400=B121)*('Kontrol Adımları'!$B$1:$B$400=C121),0),0)),"") | E121: coffee_table_glass | F121: =IFERROR(INDEX('Kalem Kataloğu'!$C$1:$C$1000,MATCH(1,INDEX(('Kalem Kataloğu'!$A$1:$A$1000=A121)*('Kalem Kataloğu'!$B$1:$B$1000=E121),0),0)),"?") | G121: =IFERROR(INDEX('Kalem Kataloğu'!$D$1:$D$1000,MATCH(1,INDEX(('Kalem Kataloğu'!$A$1:$A$1000=A121)*('Kalem Kataloğu'!$B$1:$B$1000=E121),0),0)),"?") | I121: Hayır | J121: Drive foto (Tem. 2024) | K121: [güven: yüksek]
A122: Tare Houses Hotel | B122: X3 | D122: =IFERROR(INDEX('Kontrol Adımları'!$D:$D,MATCH(1,INDEX(('Kontrol Adımları'!$A$1:$A$400=B122)*('Kontrol Adımları'!$B$1:$B$400=C122),0),0)),"") | E122: pendant_lamp | F122: =IFERROR(INDEX('Kalem Kataloğu'!$C$1:$C$1000,MATCH(1,INDEX(('Kalem Kataloğu'!$A$1:$A$1000=A122)*('Kalem Kataloğu'!$B$1:$B$1000=E122),0),0)),"?") | G122: =IFERROR(INDEX('Kalem Kataloğu'!$D$1:$D$1000,MATCH(1,INDEX(('Kalem Kataloğu'!$A$1:$A$1000=A122)*('Kalem Kataloğu'!$B$1:$B$1000=E122),0),0)),"?") | I122: Hayır | J122: Drive foto (Tem. 2024) | K122: [güven: yüksek]
A123: Tare Houses Hotel | B123: X3 | D123: =IFERROR(INDEX('Kontrol Adımları'!$D:$D,MATCH(1,INDEX(('Kontrol Adımları'!$A$1:$A$400=B123)*('Kontrol Adımları'!$B$1:$B$400=C123),0),0)),"") | E123: wall_art | F123: =IFERROR(INDEX('Kalem Kataloğu'!$C$1:$C$1000,MATCH(1,INDEX(('Kalem Kataloğu'!$A$1:$A$1000=A123)*('Kalem Kataloğu'!$B$1:$B$1000=E123),0),0)),"?") | G123: =IFERROR(INDEX('Kalem Kataloğu'!$D$1:$D$1000,MATCH(1,INDEX(('Kalem Kataloğu'!$A$1:$A$1000=A123)*('Kalem Kataloğu'!$B$1:$B$1000=E123),0),0)),"?") | H123: 1 | I123: Hayır | J123: Drive foto (Tem. 2024) | K123: X1: oturma alanı + yatak odası 2 adet. [güven: yüksek]
A124: Tare Houses Hotel | B124: X3 | D124: =IFERROR(INDEX('Kontrol Adımları'!$D:$D,MATCH(1,INDEX(('Kontrol Adımları'!$A$1:$A$400=B124)*('Kontrol Adımları'!$B$1:$B$400=C124),0),0)),"") | E124: shower_set | F124: =IFERROR(INDEX('Kalem Kataloğu'!$C$1:$C$1000,MATCH(1,INDEX(('Kalem Kataloğu'!$A$1:$A$1000=A124)*('Kalem Kataloğu'!$B$1:$B$1000=E124),0),0)),"?") | G124: =IFERROR(INDEX('Kalem Kataloğu'!$D$1:$D$1000,MATCH(1,INDEX(('Kalem Kataloğu'!$A$1:$A$1000=A124)*('Kalem Kataloğu'!$B$1:$B$1000=E124),0),0)),"?") | H124: 1 | I124: Hayır | J124: Drive foto (Tem. 2024) | K124: [güven: yüksek]
A125: Tare Houses Hotel | B125: X3 | D125: =IFERROR(INDEX('Kontrol Adımları'!$D:$D,MATCH(1,INDEX(('Kontrol Adımları'!$A$1:$A$400=B125)*('Kontrol Adımları'!$B$1:$B$400=C125),0),0)),"") | E125: vessel_sink | F125: =IFERROR(INDEX('Kalem Kataloğu'!$C$1:$C$1000,MATCH(1,INDEX(('Kalem Kataloğu'!$A$1:$A$1000=A125)*('Kalem Kataloğu'!$B$1:$B$1000=E125),0),0)),"?") | G125: =IFERROR(INDEX('Kalem Kataloğu'!$D$1:$D$1000,MATCH(1,INDEX(('Kalem Kataloğu'!$A$1:$A$1000=A125)*('Kalem Kataloğu'!$B$1:$B$1000=E125),0),0)),"?") | H125: 1 | I125: Hayır | J125: Drive foto (Tem. 2024) | K125: [güven: yüksek]
A126: Tare Houses Hotel | B126: X3 | D126: =IFERROR(INDEX('Kontrol Adımları'!$D:$D,MATCH(1,INDEX(('Kontrol Adımları'!$A$1:$A$400=B126)*('Kontrol Adımları'!$B$1:$B$400=C126),0),0)),"") | E126: toilet_paper_holder | F126: =IFERROR(INDEX('Kalem Kataloğu'!$C$1:$C$1000,MATCH(1,INDEX(('Kalem Kataloğu'!$A$1:$A$1000=A126)*('Kalem Kataloğu'!$B$1:$B$1000=E126),0),0)),"?") | G126: =IFERROR(INDEX('Kalem Kataloğu'!$D$1:$D$1000,MATCH(1,INDEX(('Kalem Kataloğu'!$A$1:$A$1000=A126)*('Kalem Kataloğu'!$B$1:$B$1000=E126),0),0)),"?") | H126: 1 | I126: Hayır | J126: Drive foto (Tem. 2024) | K126: [güven: orta]
A127: Tare Houses Hotel | B127: X3 | D127: =IFERROR(INDEX('Kontrol Adımları'!$D:$D,MATCH(1,INDEX(('Kontrol Adımları'!$A$1:$A$400=B127)*('Kontrol Adımları'!$B$1:$B$400=C127),0),0)),"") | E127: led_mirror | F127: =IFERROR(INDEX('Kalem Kataloğu'!$C$1:$C$1000,MATCH(1,INDEX(('Kalem Kataloğu'!$A$1:$A$1000=A127)*('Kalem Kataloğu'!$B$1:$B$1000=E127),0),0)),"?") | G127: =IFERROR(INDEX('Kalem Kataloğu'!$D$1:$D$1000,MATCH(1,INDEX(('Kalem Kataloğu'!$A$1:$A$1000=A127)*('Kalem Kataloğu'!$B$1:$B$1000=E127),0),0)),"?") | H127: 1 | I127: Hayır | J127: Drive foto (Tem. 2024) | K127: [güven: yüksek]
A128: Tare Houses Hotel | B128: X3 | D128: =IFERROR(INDEX('Kontrol Adımları'!$D:$D,MATCH(1,INDEX(('Kontrol Adımları'!$A$1:$A$400=B128)*('Kontrol Adımları'!$B$1:$B$400=C128),0),0)),"") | E128: round_wall_lamp | F128: =IFERROR(INDEX('Kalem Kataloğu'!$C$1:$C$1000,MATCH(1,INDEX(('Kalem Kataloğu'!$A$1:$A$1000=A128)*('Kalem Kataloğu'!$B$1:$B$1000=E128),0),0)),"?") | G128: =IFERROR(INDEX('Kalem Kataloğu'!$D$1:$D$1000,MATCH(1,INDEX(('Kalem Kataloğu'!$A$1:$A$1000=A128)*('Kalem Kataloğu'!$B$1:$B$1000=E128),0),0)),"?") | H128: 2 | I128: Hayır | J128: Drive foto (Tem. 2024) | K128: Odalarda 1-3 adet; tip bazında sayılmalı. [güven: orta]
...

Sheet Envanter - Mutfak
A1: Tesis | B1: Oda Tipi Kodu | C1: Adım No | D1: Adım Adı (otomatik) | E1: Kalem Kodu | F1: Kalem Adı (otomatik) | G1: Tür (otomatik) | H1: Olması Gereken Adet | I1: Doğrulandı mı | J1: Kaynak | K1: Not
A2: Tare Houses Hotel | B2: X1 | D2: =IFERROR(INDEX('Kontrol Adımları'!$D:$D,MATCH(1,INDEX(('Kontrol Adımları'!$A$1:$A$400=B2)*('Kontrol Adımları'!$B$1:$B$400=C2),0),0)),"") | E2: wooden_bowl | F2: =IFERROR(INDEX('Kalem Kataloğu'!$C$1:$C$1000,MATCH(1,INDEX(('Kalem Kataloğu'!$A$1:$A$1000=A2)*('Kalem Kataloğu'!$B$1:$B$1000=E2),0),0)),"?") | G2: =IFERROR(INDEX('Kalem Kataloğu'!$D$1:$D$1000,MATCH(1,INDEX(('Kalem Kataloğu'!$A$1:$A$1000=A2)*('Kalem Kataloğu'!$B$1:$B$1000=E2),0),0)),"?") | H2: 1 | I2: Hayır | J2: X3 ile aynı varsayıldı | K2: Mutfak seti Tare Houses tiplerinde ortak görünüyor (Drive Mutfak Gereçleri). Odada say.
A3: Tare Houses Hotel | B3: X1 | D3: =IFERROR(INDEX('Kontrol Adımları'!$D:$D,MATCH(1,INDEX(('Kontrol Adımları'!$A$1:$A$400=B3)*('Kontrol Adımları'!$B$1:$B$400=C3),0),0)),"") | E3: dish_rack | F3: =IFERROR(INDEX('Kalem Kataloğu'!$C$1:$C$1000,MATCH(1,INDEX(('Kalem Kataloğu'!$A$1:$A$1000=A3)*('Kalem Kataloğu'!$B$1:$B$1000=E3),0),0)),"?") | G3: =IFERROR(INDEX('Kalem Kataloğu'!$D$1:$D$1000,MATCH(1,INDEX(('Kalem Kataloğu'!$A$1:$A$1000=A3)*('Kalem Kataloğu'!$B$1:$B$1000=E3),0),0)),"?") | H3: 1 | I3: Hayır | J3: Drive foto (Tem. 2024) | K3: [güven: yüksek]
A4: Tare Houses Hotel | B4: X1 | D4: =IFERROR(INDEX('Kontrol Adımları'!$D:$D,MATCH(1,INDEX(('Kontrol Adımları'!$A$1:$A$400=B4)*('Kontrol Adımları'!$B$1:$B$400=C4),0),0)),"") | E4: dinner_plate | F4: =IFERROR(INDEX('Kalem Kataloğu'!$C$1:$C$1000,MATCH(1,INDEX(('Kalem Kataloğu'!$A$1:$A$1000=A4)*('Kalem Kataloğu'!$B$1:$B$1000=E4),0),0)),"?") | G4: =IFERROR(INDEX('Kalem Kataloğu'!$D$1:$D$1000,MATCH(1,INDEX(('Kalem Kataloğu'!$A$1:$A$1000=A4)*('Kalem Kataloğu'!$B$1:$B$1000=E4),0),0)),"?") | H4: 4 | I4: Hayır | J4: Drive foto (Tem. 2024) | K4: Dolapta 4'lü yığın. Excel X3: "Büyük tabak (gri)" 4 → uyumlu. Mutfak Gereçleri klasörü oda numarası belirtmiyor (Temmuz 2024 çekimi); tüm TH tiplerinde aynı mutfak seti olduğu varsayıldı, X3 değeri 18.10.2026 videosundan. [güven: orta]
A5: Tare Houses Hotel | B5: X1 | D5: =IFERROR(INDEX('Kontrol Adımları'!$D:$D,MATCH(1,INDEX(('Kontrol Adımları'!$A$1:$A$400=B5)*('Kontrol Adımları'!$B$1:$B$400=C5),0),0)),"") | E5: sponge_caddy | F5: =IFERROR(INDEX('Kalem Kataloğu'!$C$1:$C$1000,MATCH(1,INDEX(('Kalem Kataloğu'!$A$1:$A$1000=A5)*('Kalem Kataloğu'!$B$1:$B$1000=E5),0),0)),"?") | G5: =IFERROR(INDEX('Kalem Kataloğu'!$D$1:$D$1000,MATCH(1,INDEX(('Kalem Kataloğu'!$A$1:$A$1000=A5)*('Kalem Kataloğu'!$B$1:$B$1000=E5),0),0)),"?") | H5: 1 | I5: Hayır | J5: Drive foto (Tem. 2024) | K5: Excel X3: fırça+sünger+deterjan standı 1. Sünger sarf. [güven: yüksek]
A6: Tare Houses Hotel | B6: X1 | D6: =IFERROR(INDEX('Kontrol Adımları'!$D:$D,MATCH(1,INDEX(('Kontrol Adımları'!$A$1:$A$400=B6)*('Kontrol Adımları'!$B$1:$B$400=C6),0),0)),"") | E6: bowl | F6: =IFERROR(INDEX('Kalem Kataloğu'!$C$1:$C$1000,MATCH(1,INDEX(('Kalem Kataloğu'!$A$1:$A$1000=A6)*('Kalem Kataloğu'!$B$1:$B$1000=E6),0),0)),"?") | G6: =IFERROR(INDEX('Kalem Kataloğu'!$D$1:$D$1000,MATCH(1,INDEX(('Kalem Kataloğu'!$A$1:$A$1000=A6)*('Kalem Kataloğu'!$B$1:$B$1000=E6),0),0)),"?") | H6: 4 | I6: Hayır | J6: Drive foto (Tem. 2024) | K6: Dolapta 4'lü yığın. Excel X3 "Kase (yeşil)" 4 → uyumlu (renk farkı algısal). Mutfak Gereçleri klasörü oda numarası belirtmiyor (Temmuz 2024 çekimi); tüm TH tiplerinde aynı mutfak seti olduğu varsayıldı, X3 değeri 18.10.2026 videosundan. [güven: orta]
A7: Tare Houses Hotel | B7: X1 | D7: =IFERROR(INDEX('Kontrol Adımları'!$D:$D,MATCH(1,INDEX(('Kontrol Adımları'!$A$1:$A$400=B7)*('Kontrol Adımları'!$B$1:$B$400=C7),0),0)),"") | E7: cutting_board | F7: =IFERROR(INDEX('Kalem Kataloğu'!$C$1:$C$1000,MATCH(1,INDEX(('Kalem Kataloğu'!$A$1:$A$1000=A7)*('Kalem Kataloğu'!$B$1:$B$1000=E7),0),0)),"?") | G7: =IFERROR(INDEX('Kalem Kataloğu'!$D$1:$D$1000,MATCH(1,INDEX(('Kalem Kataloğu'!$A$1:$A$1000=A7)*('Kalem Kataloğu'!$B$1:$B$1000=E7),0),0)),"?") | H7: 1 | I7: Hayır | J7: Drive foto (Tem. 2024) | K7: Bıçak seti kutusunun altında. Excel X3: kesme tahtası 1. [güven: orta]
A8: Tare Houses Hotel | B8: X1 | D8: =IFERROR(INDEX('Kontrol Adımları'!$D:$D,MATCH(1,INDEX(('Kontrol Adımları'!$A$1:$A$400=B8)*('Kontrol Adımları'!$B$1:$B$400=C8),0),0)),"") | E8: knife_set | F8: =IFERROR(INDEX('Kalem Kataloğu'!$C$1:$C$1000,MATCH(1,INDEX(('Kalem Kataloğu'!$A$1:$A$1000=A8)*('Kalem Kataloğu'!$B$1:$B$1000=E8),0),0)),"?") | G8: =IFERROR(INDEX('Kalem Kataloğu'!$D$1:$D$1000,MATCH(1,INDEX(('Kalem Kataloğu'!$A$1:$A$1000=A8)*('Kalem Kataloğu'!$B$1:$B$1000=E8),0),0)),"?") | H8: 1 | I8: Hayır | J8: Drive foto (Tem. 2024) | K8: Excel X3: Kiyomi bıçak seti 1. Kutu içi 7 parça tam mı kontrol edilmeli. Mutfak Gereçleri klasörü oda numarası belirtmiyor (Temmuz 2024 çekimi); tüm TH tiplerinde aynı mutfak seti olduğu varsayıldı, X3 değeri 18.10.2026 videosundan. [güven: yüksek]
A9: Tare Houses Hotel | B9: X1 | D9: =IFERROR(INDEX('Kontrol Adımları'!$D:$D,MATCH(1,INDEX(('Kontrol Adımları'!$A$1:$A$400=B9)*('Kontrol Adımları'!$B$1:$B$400=C9),0),0)),"") | E9: saucepan | F9: =IFERROR(INDEX('Kalem Kataloğu'!$C$1:$C$1000,MATCH(1,INDEX(('Kalem Kataloğu'!$A$1:$A$1000=A9)*('Kalem Kataloğu'!$B$1:$B$1000=E9),0),0)),"?") | G9: =IFERROR(INDEX('Kalem Kataloğu'!$D$1:$D$1000,MATCH(1,INDEX(('Kalem Kataloğu'!$A$1:$A$1000=A9)*('Kalem Kataloğu'!$B$1:$B$1000=E9),0),0)),"?") | H9: 1 | I9: Hayır | J9: X3 ile aynı varsayıldı | K9: Mutfak seti Tare Houses tiplerinde ortak görünüyor (Drive Mutfak Gereçleri). Odada say.
A10: Tare Houses Hotel | B10: X1 | D10: =IFERROR(INDEX('Kontrol Adımları'!$D:$D,MATCH(1,INDEX(('Kontrol Adımları'!$A$1:$A$400=B10)*('Kontrol Adımları'!$B$1:$B$400=C10),0),0)),"") | E10: mug | F10: =IFERROR(INDEX('Kalem Kataloğu'!$C$1:$C$1000,MATCH(1,INDEX(('Kalem Kataloğu'!$A$1:$A$1000=A10)*('Kalem Kataloğu'!$B$1:$B$1000=E10),0),0)),"?") | G10: =IFERROR(INDEX('Kalem Kataloğu'!$D$1:$D$1000,MATCH(1,INDEX(('Kalem Kataloğu'!$A$1:$A$1000=A10)*('Kalem Kataloğu'!$B$1:$B$1000=E10),0),0)),"?") | H10: 2 | I10: Hayır | J10: X3 ile aynı varsayıldı | K10: Mutfak seti Tare Houses tiplerinde ortak görünüyor (Drive Mutfak Gereçleri). Odada say.
A11: Tare Houses Hotel | B11: X1 | D11: =IFERROR(INDEX('Kontrol Adımları'!$D:$D,MATCH(1,INDEX(('Kontrol Adımları'!$A$1:$A$400=B11)*('Kontrol Adımları'!$B$1:$B$400=C11),0),0)),"") | E11: side_plate | F11: =IFERROR(INDEX('Kalem Kataloğu'!$C$1:$C$1000,MATCH(1,INDEX(('Kalem Kataloğu'!$A$1:$A$1000=A11)*('Kalem Kataloğu'!$B$1:$B$1000=E11),0),0)),"?") | G11: =IFERROR(INDEX('Kalem Kataloğu'!$D$1:$D$1000,MATCH(1,INDEX(('Kalem Kataloğu'!$A$1:$A$1000=A11)*('Kalem Kataloğu'!$B$1:$B$1000=E11),0),0)),"?") | H11: 4 | I11: Hayır | J11: Drive foto (Tem. 2024) | K11: Dolapta 4'lü yığın. Excel X3: "Küçük tabak (gri)" 4 → uyumlu. Mutfak Gereçleri klasörü oda numarası belirtmiyor (Temmuz 2024 çekimi); tüm TH tiplerinde aynı mutfak seti olduğu varsayıldı, X3 değeri 18.10.2026 videosundan. [güven: orta]
A12: Tare Houses Hotel | B12: X1 | D12: =IFERROR(INDEX('Kontrol Adımları'!$D:$D,MATCH(1,INDEX(('Kontrol Adımları'!$A$1:$A$400=B12)*('Kontrol Adımları'!$B$1:$B$400=C12),0),0)),"") | E12: small_plate_green | F12: =IFERROR(INDEX('Kalem Kataloğu'!$C$1:$C$1000,MATCH(1,INDEX(('Kalem Kataloğu'!$A$1:$A$1000=A12)*('Kalem Kataloğu'!$B$1:$B$1000=E12),0),0)),"?") | G12: =IFERROR(INDEX('Kalem Kataloğu'!$D$1:$D$1000,MATCH(1,INDEX(('Kalem Kataloğu'!$A$1:$A$1000=A12)*('Kalem Kataloğu'!$B$1:$B$1000=E12),0),0)),"?") | H12: 4 | I12: Hayır | J12: X3 ile aynı varsayıldı | K12: Mutfak seti Tare Houses tiplerinde ortak görünüyor (Drive Mutfak Gereçleri). Odada say.
A13: Tare Houses Hotel | B13: X1 | D13: =IFERROR(INDEX('Kontrol Adımları'!$D:$D,MATCH(1,INDEX(('Kontrol Adımları'!$A$1:$A$400=B13)*('Kontrol Adımları'!$B$1:$B$400=C13),0),0)),"") | E13: trivet | F13: =IFERROR(INDEX('Kalem Kataloğu'!$C$1:$C$1000,MATCH(1,INDEX(('Kalem Kataloğu'!$A$1:$A$1000=A13)*('Kalem Kataloğu'!$B$1:$B$1000=E13),0),0)),"?") | G13: =IFERROR(INDEX('Kalem Kataloğu'!$D$1:$D$1000,MATCH(1,INDEX(('Kalem Kataloğu'!$A$1:$A$1000=A13)*('Kalem Kataloğu'!$B$1:$B$1000=E13),0),0)),"?") | H13: 1 | I13: Hayır | J13: X3 ile aynı varsayıldı | K13: Mutfak seti Tare Houses tiplerinde ortak görünüyor (Drive Mutfak Gereçleri). Odada say.
... A57: Tare Houses Hotel | B57: X2 | D57: =IFERROR(INDEX('Kontrol Adımları'!$D:$D,MATCH(1,INDEX(('Kontrol Adımları'!$A$1:$A$400=B57)*('Kontrol Adımları'!$B$1:$B$400=C57),0),0)),"") | E57: wine_glass | F57: =IFERROR(INDEX('Kalem Kataloğu'!$C$1:$C$1000,MATCH(1,INDEX(('Kalem Kataloğu'!$A$1:$A$1000=A57)*('Kalem Kataloğu'!$B$1:$B$1000=E57),0),0)),"?") | G57: =IFERROR(INDEX('Kalem Kataloğu'!$D$1:$D$1000,MATCH(1,INDEX(('Kalem Kataloğu'!$A$1:$A$1000=A57)*('Kalem Kataloğu'!$B$1:$B$1000=E57),0),0)),"?") | H57: 2 | I57: Hayır | J57: X3 ile aynı varsayıldı | K57: Mutfak seti Tare Houses tiplerinde ortak görünüyor (Drive Mutfak Gereçleri). Odada say.
A58: Tare Houses Hotel | B58: X3 | C58: 6 | D58: =IFERROR(INDEX('Kontrol Adımları'!$D:$D,MATCH(1,INDEX(('Kontrol Adımları'!$A$1:$A$400=B58)*('Kontrol Adımları'!$B$1:$B$400=C58),0),0)),"") | E58: dish_rack | F58: =IFERROR(INDEX('Kalem Kataloğu'!$C$1:$C$1000,MATCH(1,INDEX(('Kalem Kataloğu'!$A$1:$A$1000=A58)*('Kalem Kataloğu'!$B$1:$B$1000=E58),0),0)),"?") | G58: =IFERROR(INDEX('Kalem Kataloğu'!$D$1:$D$1000,MATCH(1,INDEX(('Kalem Kataloğu'!$A$1:$A$1000=A58)*('Kalem Kataloğu'!$B$1:$B$1000=E58),0),0)),"?") | H58: 1 | I58: Evet | J58: Video 18.10.2026
A59: Tare Houses Hotel | B59: X3 | C59: 6 | D59: =IFERROR(INDEX('Kontrol Adımları'!$D:$D,MATCH(1,INDEX(('Kontrol Adımları'!$A$1:$A$400=B59)*('Kontrol Adımları'!$B$1:$B$400=C59),0),0)),"") | E59: sponge_caddy | F59: =IFERROR(INDEX('Kalem Kataloğu'!$C$1:$C$1000,MATCH(1,INDEX(('Kalem Kataloğu'!$A$1:$A$1000=A59)*('Kalem Kataloğu'!$B$1:$B$1000=E59),0),0)),"?") | G59: =IFERROR(INDEX('Kalem Kataloğu'!$D$1:$D$1000,MATCH(1,INDEX(('Kalem Kataloğu'!$A$1:$A$1000=A59)*('Kalem Kataloğu'!$B$1:$B$1000=E59),0),0)),"?") | H59: 1 | I59: Evet | J59: Video 18.10.2026
A60: Tare Houses Hotel | B60: X3 | C60: 6 | D60: =IFERROR(INDEX('Kontrol Adımları'!$D:$D,MATCH(1,INDEX(('Kontrol Adımları'!$A$1:$A$400=B60)*('Kontrol Adımları'!$B$1:$B$400=C60),0),0)),"") | E60: salt_pepper_set | F60: =IFERROR(INDEX('Kalem Kataloğu'!$C$1:$C$1000,MATCH(1,INDEX(('Kalem Kataloğu'!$A$1:$A$1000=A60)*('Kalem Kataloğu'!$B$1:$B$1000=E60),0),0)),"?") | G60: =IFERROR(INDEX('Kalem Kataloğu'!$D$1:$D$1000,MATCH(1,INDEX(('Kalem Kataloğu'!$A$1:$A$1000=A60)*('Kalem Kataloğu'!$B$1:$B$1000=E60),0),0)),"?") | H60: 1 | I60: Evet | J60: Video 18.10.2026
A61: Tare Houses Hotel | B61: X3 | C61: 6 | D61: =IFERROR(INDEX('Kontrol Adımları'!$D:$D,MATCH(1,INDEX(('Kontrol Adımları'!$A$1:$A$400=B61)*('Kontrol Adımları'!$B$1:$B$400=C61),0),0)),"") | E61: oil_bottle | F61: =IFERROR(INDEX('Kalem Kataloğu'!$C$1:$C$1000,MATCH(1,INDEX(('Kalem Kataloğu'!$A$1:$A$1000=A61)*('Kalem Kataloğu'!$B$1:$B$1000=E61),0),0)),"?") | G61: =IFERROR(INDEX('Kalem Kataloğu'!$D$1:$D$1000,MATCH(1,INDEX(('Kalem Kataloğu'!$A$1:$A$1000=A61)*('Kalem Kataloğu'!$B$1:$B$1000=E61),0),0)),"?") | H61: 1 | I61: Evet | J61: Video 18.10.2026
A62: Tare Houses Hotel | B62: X3 | C62: 7 | D62: =IFERROR(INDEX('Kontrol Adımları'!$D:$D,MATCH(1,INDEX(('Kontrol Adımları'!$A$1:$A$400=B62)*('Kontrol Adımları'!$B$1:$B$400=C62),0),0)),"") | E62: knife | F62: =IFERROR(INDEX('Kalem Kataloğu'!$C$1:$C$1000,MATCH(1,INDEX(('Kalem Kataloğu'!$A$1:$A$1000=A62)*('Kalem Kataloğu'!$B$1:$B$1000=E62),0),0)),"?") | G62: =IFERROR(INDEX('Kalem Kataloğu'!$D$1:$D$1000,MATCH(1,INDEX(('Kalem Kataloğu'!$A$1:$A$1000=A62)*('Kalem Kataloğu'!$B$1:$B$1000=E62),0),0)),"?") | H62: 6 | I62: Hayır | J62: Video 18.10.2026
A63: Tare Houses Hotel | B63: X3 | C63: 7 | D63: =IFERROR(INDEX('Kontrol Adımları'!$D:$D,MATCH(1,INDEX(('Kontrol Adımları'!$A$1:$A$400=B63)*('Kontrol Adımları'!$B$1:$B$400=C63),0),0)),"") | E63: spoon | F63: =IFERROR(INDEX('Kalem Kataloğu'!$C$1:$C$1000,MATCH(1,INDEX(('Kalem Kataloğu'!$A$1:$A$1000=A63)*('Kalem Kataloğu'!$B$1:$B$1000=E63),0),0)),"?") | G63: =IFERROR(INDEX('Kalem Kataloğu'!$D$1:$D$1000,MATCH(1,INDEX(('Kalem Kataloğu'!$A$1:$A$1000=A63)*('Kalem Kataloğu'!$B$1:$B$1000=E63),0),0)),"?") | H63: 6 | I63: Hayır | J63: Video 18.10.2026
A64: Tare Houses Hotel | B64: X3 | C64: 7 | D64: =IFERROR(INDEX('Kontrol Adımları'!$D:$D,MATCH(1,INDEX(('Kontrol Adımları'!$A$1:$A$400=B64)*('Kontrol Adımları'!$B$1:$B$400=C64),0),0)),"") | E64: fork | F64: =IFERROR(INDEX('Kalem Kataloğu'!$C$1:$C$1000,MATCH(1,INDEX(('Kalem Kataloğu'!$A$1:$A$1000=A64)*('Kalem Kataloğu'!$B$1:$B$1000=E64),0),0)),"?") | G64: =IFERROR(INDEX('Kalem Kataloğu'!$D$1:$D$1000,MATCH(1,INDEX(('Kalem Kataloğu'!$A$1:$A$1000=A64)*('Kalem Kataloğu'!$B$1:$B$1000=E64),0),0)),"?") | H64: 6 | I64: Hayır | J64: Video 18.10.2026
A65: Tare Houses Hotel | B65: X3 | C65: 7 | D65: =IFERROR(INDEX('Kontrol Adımları'!$D:$D,MATCH(1,INDEX(('Kontrol Adımları'!$A$1:$A$400=B65)*('Kontrol Adımları'!$B$1:$B$400=C65),0),0)),"") | E65: teaspoon | F65: =IFERROR(INDEX('Kalem Kataloğu'!$C$1:$C$1000,MATCH(1,INDEX(('Kalem Kataloğu'!$A$1:$A$1000=A65)*('Kalem Kataloğu'!$B$1:$B$1000=E65),0),0)),"?") | G65: =IFERROR(INDEX('Kalem Kataloğu'!$D$1:$D$1000,MATCH(1,INDEX(('Kalem Kataloğu'!$A$1:$A$1000=A65)*('Kalem Kataloğu'!$B$1:$B$1000=E65),0),0)),"?") | H65: 5 | I65: Hayır | J65: Video 18.10.2026
A66: Tare Houses Hotel | B66: X3 | C66: 7 | D66: =IFERROR(INDEX('Kontrol Adımları'!$D:$D,MATCH(1,INDEX(('Kontrol Adımları'!$A$1:$A$400=B66)*('Kontrol Adımları'!$B$1:$B$400=C66),0),0)),"") | E66: corkscrew | F66: =IFERROR(INDEX('Kalem Kataloğu'!$C$1:$C$1000,MATCH(1,INDEX(('Kalem Kataloğu'!$A$1:$A$1000=A66)*('Kalem Kataloğu'!$B$1:$B$1000=E66),0),0)),"?") | G66: =IFERROR(INDEX('Kalem Kataloğu'!$D$1:$D$1000,MATCH(1,INDEX(('Kalem Kataloğu'!$A$1:$A$1000=A66)*('Kalem Kataloğu'!$B$1:$B$1000=E66),0),0)),"?") | H66: 1 | I66: Evet | J66: Video 18.10.2026
A67: Tare Houses Hotel | B67: X3 | C67: 8 | D67: =IFERROR(INDEX('Kontrol Adımları'!$D:$D,MATCH(1,INDEX(('Kontrol Adımları'!$A$1:$A$400=B67)*('Kontrol Adımları'!$B$1:$B$400=C67),0),0)),"") | E67: silicone_slotted | F67: =IFERROR(INDEX('Kalem Kataloğu'!$C$1:$C$1000,MATCH(1,INDEX(('Kalem Kataloğu'!$A$1:$A$1000=A67)*('Kalem Kataloğu'!$B$1:$B$1000=E67),0),0)),"?") | G67: =IFERROR(INDEX('Kalem Kataloğu'!$D$1:$D$1000,MATCH(1,INDEX(('Kalem Kataloğu'!$A$1:$A$1000=A67)*('Kalem Kataloğu'!$B$1:$B$1000=E67),0),0)),"?") | H67: 1 | I67: Evet | J67: Video 18.10.2026
A68: Tare Houses Hotel | B68: X3 | C68: 8 | D68: =IFERROR(INDEX('Kontrol Adımları'!$D:$D,MATCH(1,INDEX(('Kontrol Adımları'!$A$1:$A$400=B68)*('Kontrol Adımları'!$B$1:$B$400=C68),0),0)),"") | E68: silicone_spoon | F68: =IFERROR(INDEX('Kalem Kataloğu'!$C$1:$C$1000,MATCH(1,INDEX(('Kalem Kataloğu'!$A$1:$A$1000=A68)*('Kalem Kataloğu'!$B$1:$B$1000=E68),0),0)),"?") | G68: =IFERROR(INDEX('Kalem Kataloğu'!$D$1:$D$1000,MATCH(1,INDEX(('Kalem Kataloğu'!$A$1:$A$1000=A68)*('Kalem Kataloğu'!$B$1:$B$1000=E68),0),0)),"?") | H68: 3 | I68: Evet | J68: Video 18.10.2026
A69: Tare Houses Hotel | B69: X3 | C69: 9 | D69: =IFERROR(INDEX('Kontrol Adımları'!$D:$D,MATCH(1,INDEX(('Kontrol Adımları'!$A$1:$A$400=B69)*('Kontrol Adımları'!$B$1:$B$400=C69),0),0)),"") | E69: cutting_board | F69: =IFERROR(INDEX('Kalem Kataloğu'!$C$1:$C$1000,MATCH(1,INDEX(('Kalem Kataloğu'!$A$1:$A$1000=A69)*('Kalem Kataloğu'!$B$1:$B$1000=E69),0),0)),"?") | G69: =IFERROR(INDEX('Kalem Kataloğu'!$D$1:$D$1000,MATCH(1,INDEX(('Kalem Kataloğu'!$A$1:$A$1000=A69)*('Kalem Kataloğu'!$B$1:$B$1000=E69),0),0)),"?") | H69: 1 | I69: Evet | J69: Video 18.10.2026
... A84: Tare Houses Hotel | B84: X3 | C84: 12 | D84: =IFERROR(INDEX('Kontrol Adımları'!$D:$D,MATCH(1,INDEX(('Kontrol Adımları'!$A$1:$A$400=B84)*('Kontrol Adımları'!$B$1:$B$400=C84),0),0)),"") | E84: deep_plate | F84: =IFERROR(INDEX('Kalem Kataloğu'!$C$1:$C$1000,MATCH(1,INDEX(('Kalem Kataloğu'!$A$1:$A$1000=A84)*('Kalem Kataloğu'!$B$1:$B$1000=E84),0),0)),"?") | G84: =IFERROR(INDEX('Kalem Kataloğu'!$D$1:$D$1000,MATCH(1,INDEX(('Kalem Kataloğu'!$A$1:$A$1000=A84)*('Kalem Kataloğu'!$B$1:$B$1000=E84),0),0)),"?") | H84: 4 | I84: Evet | J84: Video 18.10.2026
A85: Tare Houses Hotel | B85: X3 | D85: =IFERROR(INDEX('Kontrol Adımları'!$D:$D,MATCH(1,INDEX(('Kontrol Adımları'!$A$1:$A$400=B85)*('Kontrol Adımları'!$B$1:$B$400=C85),0),0)),"") | E85: cutlery_tray | F85: =IFERROR(INDEX('Kalem Kataloğu'!$C$1:$C$1000,MATCH(1,INDEX(('Kalem Kataloğu'!$A$1:$A$1000=A85)*('Kalem Kataloğu'!$B$1:$B$1000=E85),0),0)),"?") | G85: =IFERROR(INDEX('Kalem Kataloğu'!$D$1:$D$1000,MATCH(1,INDEX(('Kalem Kataloğu'!$A$1:$A$1000=A85)*('Kalem Kataloğu'!$B$1:$B$1000=E85),0),0)),"?") | H85: 1 | I85: Hayır | J85: Drive foto (Tem. 2024) | K85: Çay kaşığı Excel X3: 5. Mutfak Gereçleri klasörü oda numarası belirtmiyor (Temmuz 2024 çekimi); tüm TH tiplerinde aynı mutfak seti olduğu varsayıldı, X3 değeri 18.10.2026 videosundan. [güven: yüksek]
A86: Tare Houses Hotel | B86: X4 | D86: =IFERROR(INDEX('Kontrol Adımları'!$D:$D,MATCH(1,INDEX(('Kontrol Adımları'!$A$1:$A$400=B86)*('Kontrol Adımları'!$B$1:$B$400=C86),0),0)),"") | E86: wooden_bowl | F86: =IFERROR(INDEX('Kalem Kataloğu'!$C$1:$C$1000,MATCH(1,INDEX(('Kalem Kataloğu'!$A$1:$A$1000=A86)*('Kalem Kataloğu'!$B$1:$B$1000=E86),0),0)),"?") | G86: =IFERROR(INDEX('Kalem Kataloğu'!$D$1:$D$1000,MATCH(1,INDEX(('Kalem Kataloğu'!$A$1:$A$1000=A86)*('Kalem Kataloğu'!$B$1:$B$1000=E86),0),0)),"?") | H86: 1 | I86: Hayır | J86: X3 ile aynı varsayıldı | K86: Mutfak seti Tare Houses tiplerinde ortak görünüyor (Drive Mutfak Gereçleri). Odada say.
A87: Tare Houses Hotel | B87: X4 | D87: =IFERROR(INDEX('Kontrol Adımları'!$D:$D,MATCH(1,INDEX(('Kontrol Adımları'!$A$1:$A$400=B87)*('Kontrol Adımları'!$B$1:$B$400=C87),0),0)),"") | E87: dish_rack | F87: =IFERROR(INDEX('Kalem Kataloğu'!$C$1:$C$1000,MATCH(1,INDEX(('Kalem Kataloğu'!$A$1:$A$1000=A87)*('Kalem Kataloğu'!$B$1:$B$1000=E87),0),0)),"?") | G87: =IFERROR(INDEX('Kalem Kataloğu'!$D$1:$D$1000,MATCH(1,INDEX(('Kalem Kataloğu'!$A$1:$A$1000=A87)*('Kalem Kataloğu'!$B$1:$B$1000=E87),0),0)),"?") | H87: 1 | I87: Hayır | J87: Drive foto (Tem. 2024) | K87: [güven: yüksek]
A88: Tare Houses Hotel | B88: X4 | D88: =IFERROR(INDEX('Kontrol Adımları'!$D:$D,MATCH(1,INDEX(('Kontrol Adımları'!$A$1:$A$400=B88)*('Kontrol Adımları'!$B$1:$B$400=C88),0),0)),"") | E88: dinner_plate | F88: =IFERROR(INDEX('Kalem Kataloğu'!$C$1:$C$1000,MATCH(1,INDEX(('Kalem Kataloğu'!$A$1:$A$1000=A88)*('Kalem Kataloğu'!$B$1:$B$1000=E88),0),0)),"?") | G88: =IFERROR(INDEX('Kalem Kataloğu'!$D$1:$D$1000,MATCH(1,INDEX(('Kalem Kataloğu'!$A$1:$A$1000=A88)*('Kalem Kataloğu'!$B$1:$B$1000=E88),0),0)),"?") | H88: 4 | I88: Hayır | J88: Drive foto (Tem. 2024) | K88: Dolapta 4'lü yığın. Excel X3: "Büyük tabak (gri)" 4 → uyumlu. Mutfak Gereçleri klasörü oda numarası belirtmiyor (Temmuz 2024 çekimi); tüm TH tiplerinde aynı mutfak seti olduğu varsayıldı, X3 değeri 18.10.2026 videosundan. [güven: orta]
A89: Tare Houses Hotel | B89: X4 | D89: =IFERROR(INDEX('Kontrol Adımları'!$D:$D,MATCH(1,INDEX(('Kontrol Adımları'!$A$1:$A$400=B89)*('Kontrol Adımları'!$B$1:$B$400=C89),0),0)),"") | E89: sponge_caddy | F89: =IFERROR(INDEX('Kalem Kataloğu'!$C$1:$C$1000,MATCH(1,INDEX(('Kalem Kataloğu'!$A$1:$A$1000=A89)*('Kalem Kataloğu'!$B$1:$B$1000=E89),0),0)),"?") | G89: =IFERROR(INDEX('Kalem Kataloğu'!$D$1:$D$1000,MATCH(1,INDEX(('Kalem Kataloğu'!$A$1:$A$1000=A89)*('Kalem Kataloğu'!$B$1:$B$1000=E89),0),0)),"?") | H89: 1 | I89: Hayır | J89: Drive foto (Tem. 2024) | K89: Excel X3: fırça+sünger+deterjan standı 1. Sünger sarf. [güven: yüksek]
A90: Tare Houses Hotel | B90: X4 | D90: =IFERROR(INDEX('Kontrol Adımları'!$D:$D,MATCH(1,INDEX(('Kontrol Adımları'!$A$1:$A$400=B90)*('Kontrol Adımları'!$B$1:$B$400=C90),0),0)),"") | E90: bowl | F90: =IFERROR(INDEX('Kalem Kataloğu'!$C$1:$C$1000,MATCH(1,INDEX(('Kalem Kataloğu'!$A$1:$A$1000=A90)*('Kalem Kataloğu'!$B$1:$B$1000=E90),0),0)),"?") | G90: =IFERROR(INDEX('Kalem Kataloğu'!$D$1:$D$1000,MATCH(1,INDEX(('Kalem Kataloğu'!$A$1:$A$1000=A90)*('Kalem Kataloğu'!$B$1:$B$1000=E90),0),0)),"?") | H90: 4 | I90: Hayır | J90: Drive foto (Tem. 2024) | K90: Dolapta 4'lü yığın. Excel X3 "Kase (yeşil)" 4 → uyumlu (renk farkı algısal). Mutfak Gereçleri klasörü oda numarası belirtmiyor (Temmuz 2024 çekimi); tüm TH tiplerinde aynı mutfak seti olduğu varsayıldı, X3 değeri 18.10.2026 videosundan. [güven: orta]
A91: Tare Houses Hotel | B91: X4 | D91: =IFERROR(INDEX('Kontrol Adımları'!$D:$D,MATCH(1,INDEX(('Kontrol Adımları'!$A$1:$A$400=B91)*('Kontrol Adımları'!$B$1:$B$400=C91),0),0)),"") | E91: cutting_board | F91: =IFERROR(INDEX('Kalem Kataloğu'!$C$1:$C$1000,MATCH(1,INDEX(('Kalem Kataloğu'!$A$1:$A$1000=A91)*('Kalem Kataloğu'!$B$1:$B$1000=E91),0),0)),"?") | G91: =IFERROR(INDEX('Kalem Kataloğu'!$D$1:$D$1000,MATCH(1,INDEX(('Kalem Kataloğu'!$A$1:$A$1000=A91)*('Kalem Kataloğu'!$B$1:$B$1000=E91),0),0)),"?") | H91: 1 | I91: Hayır | J91: Drive foto (Tem. 2024) | K91: Bıçak seti kutusunun altında. Excel X3: kesme tahtası 1. [güven: orta]
A92: Tare Houses Hotel | B92: X4 | D92: =IFERROR(INDEX('Kontrol Adımları'!$D:$D,MATCH(1,INDEX(('Kontrol Adımları'!$A$1:$A$400=B92)*('Kontrol Adımları'!$B$1:$B$400=C92),0),0)),"") | E92: knife_set | F92: =IFERROR(INDEX('Kalem Kataloğu'!$C$1:$C$1000,MATCH(1,INDEX(('Kalem Kataloğu'!$A$1:$A$1000=A92)*('Kalem Kataloğu'!$B$1:$B$1000=E92),0),0)),"?") | G92: =IFERROR(INDEX('Kalem Kataloğu'!$D$1:$D$1000,MATCH(1,INDEX(('Kalem Kataloğu'!$A$1:$A$1000=A92)*('Kalem Kataloğu'!$B$1:$B$1000=E92),0),0)),"?") | H92: 1 | I92: Hayır | J92: Drive foto (Tem. 2024) | K92: Excel X3: Kiyomi bıçak seti 1. Kutu içi 7 parça tam mı kontrol edilmeli. Mutfak Gereçleri klasörü oda numarası belirtmiyor (Temmuz 2024 çekimi); tüm TH tiplerinde aynı mutfak seti olduğu varsayıldı, X3 değeri 18.10.2026 videosundan. [güven: yüksek]
A93: Tare Houses Hotel | B93: X4 | D93: =IFERROR(INDEX('Kontrol Adımları'!$D:$D,MATCH(1,INDEX(('Kontrol Adımları'!$A$1:$A$400=B93)*('Kontrol Adımları'!$B$1:$B$400=C93),0),0)),"") | E93: saucepan | F93: =IFERROR(INDEX('Kalem Kataloğu'!$C$1:$C$1000,MATCH(1,INDEX(('Kalem Kataloğu'!$A$1:$A$1000=A93)*('Kalem Kataloğu'!$B$1:$B$1000=E93),0),0)),"?") | G93: =IFERROR(INDEX('Kalem Kataloğu'!$D$1:$D$1000,MATCH(1,INDEX(('Kalem Kataloğu'!$A$1:$A$1000=A93)*('Kalem Kataloğu'!$B$1:$B$1000=E93),0),0)),"?") | H93: 1 | I93: Hayır | J93: X3 ile aynı varsayıldı | K93: Mutfak seti Tare Houses tiplerinde ortak görünüyor (Drive Mutfak Gereçleri). Odada say.
A94: Tare Houses Hotel | B94: X4 | D94: =IFERROR(INDEX('Kontrol Adımları'!$D:$D,MATCH(1,INDEX(('Kontrol Adımları'!$A$1:$A$400=B94)*('Kontrol Adımları'!$B$1:$B$400=C94),0),0)),"") | E94: mug | F94: =IFERROR(INDEX('Kalem Kataloğu'!$C$1:$C$1000,MATCH(1,INDEX(('Kalem Kataloğu'!$A$1:$A$1000=A94)*('Kalem Kataloğu'!$B$1:$B$1000=E94),0),0)),"?") | G94: =IFERROR(INDEX('Kalem Kataloğu'!$D$1:$D$1000,MATCH(1,INDEX(('Kalem Kataloğu'!$A$1:$A$1000=A94)*('Kalem Kataloğu'!$B$1:$B$1000=E94),0),0)),"?") | H94: 2 | I94: Hayır | J94: X3 ile aynı varsayıldı | K94: Mutfak seti Tare Houses tiplerinde ortak görünüyor (Drive Mutfak Gereçleri). Odada say.
A95: Tare Houses Hotel | B95: X4 | D95: =IFERROR(INDEX('Kontrol Adımları'!$D:$D,MATCH(1,INDEX(('Kontrol Adımları'!$A$1:$A$400=B95)*('Kontrol Adımları'!$B$1:$B$400=C95),0),0)),"") | E95: side_plate | F95: =IFERROR(INDEX('Kalem Kataloğu'!$C$1:$C$1000,MATCH(1,INDEX(('Kalem Kataloğu'!$A$1:$A$1000=A95)*('Kalem Kataloğu'!$B$1:$B$1000=E95),0),0)),"?") | G95: =IFERROR(INDEX('Kalem Kataloğu'!$D$1:$D$1000,MATCH(1,INDEX(('Kalem Kataloğu'!$A$1:$A$1000=A95)*('Kalem Kataloğu'!$B$1:$B$1000=E95),0),0)),"?") | H95: 4 | I95: Hayır | J95: Drive foto (Tem. 2024) | K95: Dolapta 4'lü yığın. Excel X3: "Küçük tabak (gri)" 4 → uyumlu. Mutfak Gereçleri klasörü oda numarası belirtmiyor (Temmuz 2024 çekimi); tüm TH tiplerinde aynı mutfak seti olduğu varsayıldı, X3 değeri 18.10.2026 videosundan. [güven: orta]
A96: Tare Houses Hotel | B96: X4 | D96: =IFERROR(INDEX('Kontrol Adımları'!$D:$D,MATCH(1,INDEX(('Kontrol Adımları'!$A$1:$A$400=B96)*('Kontrol Adımları'!$B$1:$B$400=C96),0),0)),"") | E96: small_plate_green | F96: =IFERROR(INDEX('Kalem Kataloğu'!$C$1:$C$1000,MATCH(1,INDEX(('Kalem Kataloğu'!$A$1:$A$1000=A96)*('Kalem Kataloğu'!$B$1:$B$1000=E96),0),0)),"?") | G96: =IFERROR(INDEX('Kalem Kataloğu'!$D$1:$D$1000,MATCH(1,INDEX(('Kalem Kataloğu'!$A$1:$A$1000=A96)*('Kalem Kataloğu'!$B$1:$B$1000=E96),0),0)),"?") | H96: 4 | I96: Hayır | J96: X3 ile aynı varsayıldı | K96: Mutfak seti Tare Houses tiplerinde ortak görünüyor (Drive Mutfak Gereçleri). Odada say.
... A114: Tare Suites Urla | B114: DFS | D114: =IFERROR(INDEX('Kontrol Adımları'!$D:$D,MATCH(1,INDEX(('Kontrol Adımları'!$A$1:$A$400=B114)*('Kontrol Adımları'!$B$1:$B$400=C114),0),0)),"") | E114: cift_cidarli_bardak | F114: =IFERROR(INDEX('Kalem Kataloğu'!$C$1:$C$1000,MATCH(1,INDEX(('Kalem Kataloğu'!$A$1:$A$1000=A114)*('Kalem Kataloğu'!$B$1:$B$1000=E114),0),0)),"?") | G114: =IFERROR(INDEX('Kalem Kataloğu'!$D$1:$D$1000,MATCH(1,INDEX(('Kalem Kataloğu'!$A$1:$A$1000=A114)*('Kalem Kataloğu'!$B$1:$B$1000=E114),0),0)),"?") | H114: 2 | I114: Hayır | J114: Drive foto | K114: DFS: biri kulplu, biri kulpsuz [güven: high]
A115: Tare Suites Urla | B115: DS | D115: =IFERROR(INDEX('Kontrol Adımları'!$D:$D,MATCH(1,INDEX(('Kontrol Adımları'!$A$1:$A$400=B115)*('Kontrol Adımları'!$B$1:$B$400=C115),0),0)),"") | E115: cift_cidarli_bardak | F115: =IFERROR(INDEX('Kalem Kataloğu'!$C$1:$C$1000,MATCH(1,INDEX(('Kalem Kataloğu'!$A$1:$A$1000=A115)*('Kalem Kataloğu'!$B$1:$B$1000=E115),0),0)),"?") | G115: =IFERROR(INDEX('Kalem Kataloğu'!$D$1:$D$1000,MATCH(1,INDEX(('Kalem Kataloğu'!$A$1:$A$1000=A115)*('Kalem Kataloğu'!$B$1:$B$1000=E115),0),0)),"?") | I115: Hayır | J115: Drive foto | K115: DFS: biri kulplu, biri kulpsuz [güven: high]
A116: Tare Suites Urla | B116: DSSW | D116: =IFERROR(INDEX('Kontrol Adımları'!$D:$D,MATCH(1,INDEX(('Kontrol Adımları'!$A$1:$A$400=B116)*('Kontrol Adımları'!$B$1:$B$400=C116),0),0)),"") | E116: cift_cidarli_bardak | F116: =IFERROR(INDEX('Kalem Kataloğu'!$C$1:$C$1000,MATCH(1,INDEX(('Kalem Kataloğu'!$A$1:$A$1000=A116)*('Kalem Kataloğu'!$B$1:$B$1000=E116),0),0)),"?") | G116: =IFERROR(INDEX('Kalem Kataloğu'!$D$1:$D$1000,MATCH(1,INDEX(('Kalem Kataloğu'!$A$1:$A$1000=A116)*('Kalem Kataloğu'!$B$1:$B$1000=E116),0),0)),"?") | I116: Hayır | J116: Drive foto | K116: DFS: biri kulplu, biri kulpsuz [güven: high]
A117: Tare Suites Urla | B117: EDR | D117: =IFERROR(INDEX('Kontrol Adımları'!$D:$D,MATCH(1,INDEX(('Kontrol Adımları'!$A$1:$A$400=B117)*('Kontrol Adımları'!$B$1:$B$400=C117),0),0)),"") | E117: cift_cidarli_bardak | F117: =IFERROR(INDEX('Kalem Kataloğu'!$C$1:$C$1000,MATCH(1,INDEX(('Kalem Kataloğu'!$A$1:$A$1000=A117)*('Kalem Kataloğu'!$B$1:$B$1000=E117),0),0)),"?") | G117: =IFERROR(INDEX('Kalem Kataloğu'!$D$1:$D$1000,MATCH(1,INDEX(('Kalem Kataloğu'!$A$1:$A$1000=A117)*('Kalem Kataloğu'!$B$1:$B$1000=E117),0),0)),"?") | H117: 2 | I117: Hayır | J117: Drive foto | K117: DFS: biri kulplu, biri kulpsuz [güven: high]
A118: Tare Suites Urla | B118: EXSB | D118: =IFERROR(INDEX('Kontrol Adımları'!$D:$D,MATCH(1,INDEX(('Kontrol Adımları'!$A$1:$A$400=B118)*('Kontrol Adımları'!$B$1:$B$400=C118),0),0)),"") | E118: cift_cidarli_bardak | F118: =IFERROR(INDEX('Kalem Kataloğu'!$C$1:$C$1000,MATCH(1,INDEX(('Kalem Kataloğu'!$A$1:$A$1000=A118)*('Kalem Kataloğu'!$B$1:$B$1000=E118),0),0)),"?") | G118: =IFERROR(INDEX('Kalem Kataloğu'!$D$1:$D$1000,MATCH(1,INDEX(('Kalem Kataloğu'!$A$1:$A$1000=A118)*('Kalem Kataloğu'!$B$1:$B$1000=E118),0),0)),"?") | I118: Hayır | J118: Drive foto | K118: DFS: biri kulplu, biri kulpsuz [güven: high]
A119: Tare Village Urla | B119: VBS | D119: =IFERROR(INDEX('Kontrol Adımları'!$D:$D,MATCH(1,INDEX(('Kontrol Adımları'!$A$1:$A$400=B119)*('Kontrol Adımları'!$B$1:$B$400=C119),0),0)),"") | E119: kettle | F119: =IFERROR(INDEX('Kalem Kataloğu'!$C$1:$C$1000,MATCH(1,INDEX(('Kalem Kataloğu'!$A$1:$A$1000=A119)*('Kalem Kataloğu'!$B$1:$B$1000=E119),0),0)),"?") | G119: =IFERROR(INDEX('Kalem Kataloğu'!$D$1:$D$1000,MATCH(1,INDEX(('Kalem Kataloğu'!$A$1:$A$1000=A119)*('Kalem Kataloğu'!$B$1:$B$1000=E119),0),0)),"?") | H119: 1 | I119: Hayır | J119: Drive foto | K119: VSS beyaz Xiaomi, VTS mint yeşili [güven: medium]
A120: Tare Village Urla | B120: VBS | D120: =IFERROR(INDEX('Kontrol Adımları'!$D:$D,MATCH(1,INDEX(('Kontrol Adımları'!$A$1:$A$400=B120)*('Kontrol Adımları'!$B$1:$B$400=C120),0),0)),"") | E120: servis_gerecleri_kabi | F120: =IFERROR(INDEX('Kalem Kataloğu'!$C$1:$C$1000,MATCH(1,INDEX(('Kalem Kataloğu'!$A$1:$A$1000=A120)*('Kalem Kataloğu'!$B$1:$B$1000=E120),0),0)),"?") | G120: =IFERROR(INDEX('Kalem Kataloğu'!$D$1:$D$1000,MATCH(1,INDEX(('Kalem Kataloğu'!$A$1:$A$1000=A120)*('Kalem Kataloğu'!$B$1:$B$1000=E120),0),0)),"?") | H120: 1 | I120: Hayır | J120: Drive foto | K120: Kapta 4-6 gereç; tek tek sayılamadı [güven: medium]
A121: Tare Village Urla | B121: VBS | D121: =IFERROR(INDEX('Kontrol Adımları'!$D:$D,MATCH(1,INDEX(('Kontrol Adımları'!$A$1:$A$400=B121)*('Kontrol Adımları'!$B$1:$B$400=C121),0),0)),"") | E121: tabak_bardak_catal_vb | F121: =IFERROR(INDEX('Kalem Kataloğu'!$C$1:$C$1000,MATCH(1,INDEX(('Kalem Kataloğu'!$A$1:$A$1000=A121)*('Kalem Kataloğu'!$B$1:$B$1000=E121),0),0)),"?") | G121: =IFERROR(INDEX('Kalem Kataloğu'!$D$1:$D$1000,MATCH(1,INDEX(('Kalem Kataloğu'!$A$1:$A$1000=A121)*('Kalem Kataloğu'!$B$1:$B$1000=E121),0),0)),"?") | I121: Hayır | J121: Drive foto | K121: Fotoğraflar tanıtım çekimi; dolap içleri görünmüyor. Odada sayılmalı [güven: none]
A122: Tare Village Urla | B122: VBS | D122: =IFERROR(INDEX('Kontrol Adımları'!$D:$D,MATCH(1,INDEX(('Kontrol Adımları'!$A$1:$A$400=B122)*('Kontrol Adımları'!$B$1:$B$400=C122),0),0)),"") | E122: yag_sisesi | F122: =IFERROR(INDEX('Kalem Kataloğu'!$C$1:$C$1000,MATCH(1,INDEX(('Kalem Kataloğu'!$A$1:$A$1000=A122)*('Kalem Kataloğu'!$B$1:$B$1000=E122),0),0)),"?") | G122: =IFERROR(INDEX('Kalem Kataloğu'!$D$1:$D$1000,MATCH(1,INDEX(('Kalem Kataloğu'!$A$1:$A$1000=A122)*('Kalem Kataloğu'!$B$1:$B$1000=E122),0),0)),"?") | I122: Hayır | J122: Drive foto | K122: [güven: medium]
A123: Tare Village Urla | B123: VGS | D123: =IFERROR(INDEX('Kontrol Adımları'!$D:$D,MATCH(1,INDEX(('Kontrol Adımları'!$A$1:$A$400=B123)*('Kontrol Adımları'!$B$1:$B$400=C123),0),0)),"") | E123: kettle | F123: =IFERROR(INDEX('Kalem Kataloğu'!$C$1:$C$1000,MATCH(1,INDEX(('Kalem Kataloğu'!$A$1:$A$1000=A123)*('Kalem Kataloğu'!$B$1:$B$1000=E123),0),0)),"?") | G123: =IFERROR(INDEX('Kalem Kataloğu'!$D$1:$D$1000,MATCH(1,INDEX(('Kalem Kataloğu'!$A$1:$A$1000=A123)*('Kalem Kataloğu'!$B$1:$B$1000=E123),0),0)),"?") | H123: 1 | I123: Hayır | J123: Drive foto | K123: VSS beyaz Xiaomi, VTS mint yeşili [güven: medium]
A124: Tare Village Urla | B124: VGS | D124: =IFERROR(INDEX('Kontrol Adımları'!$D:$D,MATCH(1,INDEX(('Kontrol Adımları'!$A$1:$A$400=B124)*('Kontrol Adımları'!$B$1:$B$400=C124),0),0)),"") | E124: servis_gerecleri_kabi | F124: =IFERROR(INDEX('Kalem Kataloğu'!$C$1:$C$1000,MATCH(1,INDEX(('Kalem Kataloğu'!$A$1:$A$1000=A124)*('Kalem Kataloğu'!$B$1:$B$1000=E124),0),0)),"?") | G124: =IFERROR(INDEX('Kalem Kataloğu'!$D$1:$D$1000,MATCH(1,INDEX(('Kalem Kataloğu'!$A$1:$A$1000=A124)*('Kalem Kataloğu'!$B$1:$B$1000=E124),0),0)),"?") | I124: Hayır | J124: Drive foto | K124: Kapta 4-6 gereç; tek tek sayılamadı [güven: medium]
A125: Tare Village Urla | B125: VGS | D125: =IFERROR(INDEX('Kontrol Adımları'!$D:$D,MATCH(1,INDEX(('Kontrol Adımları'!$A$1:$A$400=B125)*('Kontrol Adımları'!$B$1:$B$400=C125),0),0)),"") | E125: tabak_bardak_catal_vb | F125: =IFERROR(INDEX('Kalem Kataloğu'!$C$1:$C$1000,MATCH(1,INDEX(('Kalem Kataloğu'!$A$1:$A$1000=A125)*('Kalem Kataloğu'!$B$1:$B$1000=E125),0),0)),"?") | G125: =IFERROR(INDEX('Kalem Kataloğu'!$D$1:$D$1000,MATCH(1,INDEX(('Kalem Kataloğu'!$A$1:$A$1000=A125)*('Kalem Kataloğu'!$B$1:$B$1000=E125),0),0)),"?") | I125: Hayır | J125: Drive foto | K125: Fotoğraflar tanıtım çekimi; dolap içleri görünmüyor. Odada sayılmalı [güven: none]
A126: Tare Village Urla | B126: VGS | D126: =IFERROR(INDEX('Kontrol Adımları'!$D:$D,MATCH(1,INDEX(('Kontrol Adımları'!$A$1:$A$400=B126)*('Kontrol Adımları'!$B$1:$B$400=C126),0),0)),"") | E126: yag_sisesi | F126: =IFERROR(INDEX('Kalem Kataloğu'!$C$1:$C$1000,MATCH(1,INDEX(('Kalem Kataloğu'!$A$1:$A$1000=A126)*('Kalem Kataloğu'!$B$1:$B$1000=E126),0),0)),"?") | G126: =IFERROR(INDEX('Kalem Kataloğu'!$D$1:$D$1000,MATCH(1,INDEX(('Kalem Kataloğu'!$A$1:$A$1000=A126)*('Kalem Kataloğu'!$B$1:$B$1000=E126),0),0)),"?") | I126: Hayır | J126: Drive foto | K126: [güven: medium]
A127: Tare Village Urla | B127: VSS | D127: =IFERROR(INDEX('Kontrol Adımları'!$D:$D,MATCH(1,INDEX(('Kontrol Adımları'!$A$1:$A$400=B127)*('Kontrol Adımları'!$B$1:$B$400=C127),0),0)),"") | E127: bulasik_kurutma_mati | F127: =IFERROR(INDEX('Kalem Kataloğu'!$C$1:$C$1000,MATCH(1,INDEX(('Kalem Kataloğu'!$A$1:$A$1000=A127)*('Kalem Kataloğu'!$B$1:$B$1000=E127),0),0)),"?") | G127: =IFERROR(INDEX('Kalem Kataloğu'!$D$1:$D$1000,MATCH(1,INDEX(('Kalem Kataloğu'!$A$1:$A$1000=A127)*('Kalem Kataloğu'!$B$1:$B$1000=E127),0),0)),"?") | H127: 1 | I127: Hayır | J127: Drive foto | K127: [güven: low]
A128: Tare Village Urla | B128: VSS | D128: =IFERROR(INDEX('Kontrol Adımları'!$D:$D,MATCH(1,INDEX(('Kontrol Adımları'!$A$1:$A$400=B128)*('Kontrol Adımları'!$B$1:$B$400=C128),0),0)),"") | E128: kettle | F128: =IFERROR(INDEX('Kalem Kataloğu'!$C$1:$C$1000,MATCH(1,INDEX(('Kalem Kataloğu'!$A$1:$A$1000=A128)*('Kalem Kataloğu'!$B$1:$B$1000=E128),0),0)),"?") | G128: =IFERROR(INDEX('Kalem Kataloğu'!$D$1:$D$1000,MATCH(1,INDEX(('Kalem Kataloğu'!$A$1:$A$1000=A128)*('Kalem Kataloğu'!$B$1:$B$1000=E128),0),0)),"?") | H128: 1 | I128: Hayır | J128: Drive foto | K128: VSS beyaz Xiaomi, VTS mint yeşili [güven: medium]
A129: Tare Village Urla | B129: VSS | D129: =IFERROR(INDEX('Kontrol Adımları'!$D:$D,MATCH(1,INDEX(('Kontrol Adımları'!$A$1:$A$400=B129)*('Kontrol Adımları'!$B$1:$B$400=C129),0),0)),"") | E129: servis_gerecleri_kabi | F129: =IFERROR(INDEX('Kalem Kataloğu'!$C$1:$C$1000,MATCH(1,INDEX(('Kalem Kataloğu'!$A$1:$A$1000=A129)*('Kalem Kataloğu'!$B$1:$B$1000=E129),0),0)),"?") | G129: =IFERROR(INDEX('Kalem Kataloğu'!$D$1:$D$1000,MATCH(1,INDEX(('Kalem Kataloğu'!$A$1:$A$1000=A129)*('Kalem Kataloğu'!$B$1:$B$1000=E129),0),0)),"?") | H129: 1 | I129: Hayır | J129: Drive foto | K129: Kapta 4-6 gereç; tek tek sayılamadı [güven: medium]
A130: Tare Village Urla | B130: VSS | D130: =IFERROR(INDEX('Kontrol Adımları'!$D:$D,MATCH(1,INDEX(('Kontrol Adımları'!$A$1:$A$400=B130)*('Kontrol Adımları'!$B$1:$B$400=C130),0),0)),"") | E130: tabak_bardak_catal_vb | F130: =IFERROR(INDEX('Kalem Kataloğu'!$C$1:$C$1000,MATCH(1,INDEX(('Kalem Kataloğu'!$A$1:$A$1000=A130)*('Kalem Kataloğu'!$B$1:$B$1000=E130),0),0)),"?") | G130: =IFERROR(INDEX('Kalem Kataloğu'!$D$1:$D$1000,MATCH(1,INDEX(('Kalem Kataloğu'!$A$1:$A$1000=A130)*('Kalem Kataloğu'!$B$1:$B$1000=E130),0),0)),"?") | I130: Hayır | J130: Drive foto | K130: Fotoğraflar tanıtım çekimi; dolap içleri görünmüyor. Odada sayılmalı [güven: none]
A131: Tare Village Urla | B131: VSS | D131: =IFERROR(INDEX('Kontrol Adımları'!$D:$D,MATCH(1,INDEX(('Kontrol Adımları'!$A$1:$A$400=B131)*('Kontrol Adımları'!$B$1:$B$400=C131),0),0)),"") | E131: yag_sisesi | F131: =IFERROR(INDEX('Kalem Kataloğu'!$C$1:$C$1000,MATCH(1,INDEX(('Kalem Kataloğu'!$A$1:$A$1000=A131)*('Kalem Kataloğu'!$B$1:$B$1000=E131),0),0)),"?") | G131: =IFERROR(INDEX('Kalem Kataloğu'!$D$1:$D$1000,MATCH(1,INDEX(('Kalem Kataloğu'!$A$1:$A$1000=A131)*('Kalem Kataloğu'!$B$1:$B$1000=E131),0),0)),"?") | H131: 1 | I131: Hayır | J131: Drive foto | K131: [güven: medium]
A132: Tare Village Urla | B132: VTS | D132: =IFERROR(INDEX('Kontrol Adımları'!$D:$D,MATCH(1,INDEX(('Kontrol Adımları'!$A$1:$A$400=B132)*('Kontrol Adımları'!$B$1:$B$400=C132),0),0)),"") | E132: kettle | F132: =IFERROR(INDEX('Kalem Kataloğu'!$C$1:$C$1000,MATCH(1,INDEX(('Kalem Kataloğu'!$A$1:$A$1000=A132)*('Kalem Kataloğu'!$B$1:$B$1000=E132),0),0)),"?") | G132: =IFERROR(INDEX('Kalem Kataloğu'!$D$1:$D$1000,MATCH(1,INDEX(('Kalem Kataloğu'!$A$1:$A$1000=A132)*('Kalem Kataloğu'!$B$1:$B$1000=E132),0),0)),"?") | H132: 1 | I132: Hayır | J132: Drive foto | K132: VSS beyaz Xiaomi, VTS mint yeşili [güven: medium]
A133: Tare Village Urla | B133: VTS | D133: =IFERROR(INDEX('Kontrol Adımları'!$D:$D,MATCH(1,INDEX(('Kontrol Adımları'!$A$1:$A$400=B133)*('Kontrol Adımları'!$B$1:$B$400=C133),0),0)),"") | E133: servis_gerecleri_kabi | F133: =IFERROR(INDEX('Kalem Kataloğu'!$C$1:$C$1000,MATCH(1,INDEX(('Kalem Kataloğu'!$A$1:$A$1000=A133)*('Kalem Kataloğu'!$B$1:$B$1000=E133),0),0)),"?") | G133: =IFERROR(INDEX('Kalem Kataloğu'!$D$1:$D$1000,MATCH(1,INDEX(('Kalem Kataloğu'!$A$1:$A$1000=A133)*('Kalem Kataloğu'!$B$1:$B$1000=E133),0),0)),"?") | H133: 1 | I133: Hayır | J133: Drive foto | K133: Kapta 4-6 gereç; tek tek sayılamadı [güven: medium]
A134: Tare Village Urla | B134: VTS | D134: =IFERROR(INDEX('Kontrol Adımları'!$D:$D,MATCH(1,INDEX(('Kontrol Adımları'!$A$1:$A$400=B134)*('Kontrol Adımları'!$B$1:$B$400=C134),0),0)),"") | E134: tabak_bardak_catal_vb | F134: =IFERROR(INDEX('Kalem Kataloğu'!$C$1:$C$1000,MATCH(1,INDEX(('Kalem Kataloğu'!$A$1:$A$1000=A134)*('Kalem Kataloğu'!$B$1:$B$1000=E134),0),0)),"?") | G134: =IFERROR(INDEX('Kalem Kataloğu'!$D$1:$D$1000,MATCH(1,INDEX(('Kalem Kataloğu'!$A$1:$A$1000=A134)*('Kalem Kataloğu'!$B$1:$B$1000=E134),0),0)),"?") | I134: Hayır | J134: Drive foto | K134: Fotoğraflar tanıtım çekimi; dolap içleri görünmüyor. Odada sayılmalı [güven: none]
A135: Tare Village Urla | B135: VTS | D135: =IFERROR(INDEX('Kontrol Adımları'!$D:$D,MATCH(1,INDEX(('Kontrol Adımları'!$A$1:$A$400=B135)*('Kontrol Adımları'!$B$1:$B$400=C135),0),0)),"") | E135: yag_sisesi | F135: =IFERROR(INDEX('Kalem Kataloğu'!$C$1:$C$1000,MATCH(1,INDEX(('Kalem Kataloğu'!$A$1:$A$1000=A135)*('Kalem Kataloğu'!$B$1:$B$1000=E135),0),0)),"?") | G135: =IFERROR(INDEX('Kalem Kataloğu'!$D$1:$D$1000,MATCH(1,INDEX(('Kalem Kataloğu'!$A$1:$A$1000=A135)*('Kalem Kataloğu'!$B$1:$B$1000=E135),0),0)),"?") | I135: Hayır | J135: Drive foto | K135: [güven: medium]

Sheet Minibar ve İkram
A1: Tesis | B1: Oda Tipi Kodu | C1: Adım No | D1: Yer | E1: Kalem Kodu | F1: Ürün | G1: Standart Adet | H1: Not
A2: Tare Houses Hotel | B2: X3 | C2: 13 | D2: Minibar (dolap) | E2: water | F2: Su (şişe) | H2: Ücretsiz. Marka/şişe boyu ve adet teyit edilecek.
A3: Tare Houses Hotel | B3: X3 | C3: 16 | D3: İkram tepsisi | E3: tea | F3: Çay (poşet) | H3: Ücretsiz. Çeşit ve adet teyit edilecek.
A4: Tare Houses Hotel | B4: X3 | C4: 16 | D4: İkram tepsisi | E4: coffee | F4: Kahve (stick/kapsül) | H4: Ücretsiz. Tür ve adet teyit edilecek.
A5: Tare Houses Hotel | B5: X3 | C5: 16 | D5: İkram tepsisi | E5: sugar | F5: Şeker (stick) | H5: Ücretsiz. Adet teyit edilecek.
A6: Tare Suites Urla | B6: Tümü | D6: Minibar (dolap) | F6: İçecek (su vb.) | H6: Hiçbir fotoğrafta buzdolabı içi görünmüyor; dolap içi standardı belirlenmeli güven: low (Drive fotoğrafından)
A7: Tare Suites Urla | B7: Tümü | D7: İkram tepsisi | F7: Nescafé Classic (tek içimlik sachet) | G7: 2 | H7: güven: high (Drive fotoğrafından)
A8: Tare Suites Urla | B8: Tümü | D8: İkram tepsisi | F8: Hazır Türk kahvesi sachet (Shazel, şekersiz/sade) | G8: 2 | H8: Marka yazısı kısmen okunuyor güven: medium (Drive fotoğrafından)
A9: Tare Suites Urla | B9: Tümü | D9: İkram tepsisi | F9: Lokum (bambu kasede) | H9: Kasede 2-3 parça; standart adet teyit güven: high (Drive fotoğrafından)
A10: Tare Suites Urla | B10: Tümü | D10: İkram tepsisi | F10: Bambu küçük kase | G10: 1 | H10: güven: high (Drive fotoğrafından)
A11: Tare Suites Urla | B11: Tümü | D11: İkram tepsisi | F11: Ahşap karıştırıcı çubuk | G11: 2 | H11: güven: high (Drive fotoğrafından)
A12: Tare Suites Urla | B12: Tümü | D12: İkram tepsisi | F12: Çift cidarlı cam fincan | G12: 2 | H12: güven: high (Drive fotoğrafından)
A13: Tare Suites Urla | B13: Tümü | D13: İkram tepsisi | F13: Çay poşeti / şeker | H13: Fotoğrafta görünmüyor; EDR tepsisinde koyu renk sachetler var, içerik okunamıyor güven: low (Drive fotoğrafından)
A14: Tiny Houses | B14: Tümü | D14: Minibar (dolap) | F14: Buzdolabı içeceği | H14: Görünmüyor güven: low (Drive fotoğrafından)
A15: Tiny Houses | B15: Tümü | D15: İkram tepsisi | F15: İkram tepsisi | H15: Tiny House fotoğraflarında tepsi görünmüyor güven: low (Drive fotoğrafından)
A16: Tare Village Urla | B16: VSS | D16: İkram tepsisi | F16: Tezgahta ahşap tepsi içinde küçük eşyalar (çay kaşığı/şeker vb. olabilir) — net değil | H16: güven: low (Drive fotoğrafından)
A17: Tare Village Urla | B17: VTS | D17: İkram tepsisi | F17: Tezgahta ahşap tepsi üzerinde 2 bakır kap (şekerlik/kahve kabı olabilir) | H17: güven: low (Drive fotoğrafından)
A19: Hiçbir ürün ücretli değildir. Dolaptaki içecekler ve masadaki tepsideki ikramlar oda standardıdır; eksikse HK tamamlar.

Sheet Eksikler
A1: Sayfa | B1: Ne eksik | C1: Kim / nasıl | D1: Öncelik
A2: Oda Tipleri | B2: X1 = Deluxe Suite, X2 = Deluxe Triple Room, X4 = Exclusive Suite eşlemesi Özellikler.xlsx sütun sırasından yapıldı (X3 = Deluxe Double ile tutarlı). Teyit et. | C2: Gökçer | D2: Yüksek
A3: Oda Tipleri | B3: Maks. kişi (tüm tipler); min/max temizlik süreleri (X3 dışında); hangi tiplerde max süre takibi açılacak | C3: Süpervizörlerle belirle | D3: Orta
A4: Oda Tipleri / Özellikler | B4: Village tipleri (VGS, VBS, VSS, VTS) Özellikler.xlsx'te yok: m², yatak, mutfak, banyo, özellikler | C4: HotelRunner / Airbnb ilanından | D4: Orta
A5: Oda Özellikleri | B5: Fotoğraflarla çelişki: Urla Suites tiplerinde 'Buzdolabı' yok yazıyor ama tüm tiplerde masa altı mini buzdolabı + kettle + ikram tepsisi var; Tiny House'ta 'Ocak' yok yazıyor ama tek gözlü ocak görünüyor | C5: Gökçer | D5: Düşük
A6: Envanter | B6: Tare Houses X3: Drive fotoğrafında 4 şarap kadehi, 3 kupa ve 3-4 ince belli çay bardağı var; videoda 2 kadeh, 2 kupa, çay bardağı yok. Silikon set fotoğrafta 4 farklı parça (kepçe, servis kaşığı, spatula, delikli kepçe). Odada say | C6: HK süpervizörü | D6: Orta
A7: Envanter | B7: Tiny House'lar birbirinin aynı değil (bazılarında alt katta çift kişilik yatak var, bahçe sandalyeleri farklı). Tek tip mi kalsın, iki tipe mi bölünsün? | C7: Gökçer | D7: Orta
A8: Envanter | B8: Drive fotoğrafları tanıtım çekimi (Tare Houses Temmuz 2024): dolap/çekmece içleri, havlular, tencere-tava çoğu yerde görünmüyor; bu satırlar boş veya varsayım | C8: Bilgi | D8: —
A9: Oda Özellikleri | B9: X3 (Deluxe Double) için 'Oturma Alanı' ve 'Çalışma Masası' yok görünüyor, ama 18.10 videosunda masa + 2 koltuk var. Özellikler.xlsx düzeltilmeli mi? | C9: Gökçer | D9: Düşük
A10: Kontrol Adımları | B10: X3 dışındaki 17 tip için çekim adımları | C10: Drive'a gelecek video/fotoğraflardan; X3 şablonu kopyalanıp düzenlenecek | D10: Yüksek
A11: Envanter | B11: Tüm 'Doğrulandı mı = Hayır' satırları odada elle sayılmalı | C11: HK süpervizörü | D11: Yüksek
A12: Envanter | B12: Tare Suites Beşiktaş: Drive fotoğrafları 19–30 MB olduğu için indirilemedi (araç sınırı 10 MB). 2000 px civarı küçültülmüş kopyalar yüklenirse envanter çıkarılır | C12: Gökçer: küçültülmüş kopya yükle | D12: Orta
... A21: Envanter (gözlem) | B21: Tare Village Urla: 57 fotoğraftan 33'ü incelendi (6-7 MB'lık birkaç dosya Drive bağlantısından indirilemedi). Fotoğraflar Ağustos 2026 tanıtım çekimi: oda düzeni, mobilya, banyo ve tezgah üstü net; dolap/çekmece içleri, tabak-bardak-çatal sayıları ve minibar içeriği yok. Mutfak malzemesi adetleri odada elle sayılmalı. Tüm odalarda ortak set: taş çanak lavabo, yuvarlak ayna, hasır sepet, jüt paspas, saç kurutma, yeşil kadife kanepe, ahşap orta sehpa, 2 yastık + beyaz waffle pike. VBS ve VTS'de balkon/teras oturma grubu var. VGS (Garden Suite) en büyük birim: köşe koltuk, yemek masası, tam boy buzdolabı. TTLock yok (key-box). | C21: Bilgi | D21: —
